Wavelength(nm),T%
3000,0.018256631
2999,0.021048931
2998,0.018541299
2997,0.018872181
2996,0.019622697
2995,0.019191647
2994,0.018489832
2993,0.017820014
2992,0.018347232
2991,0.015727229
2990,0.017513052
2989,0.016423963
2988,0.014547292
2987,0.013593906
2986,0.016179405
2985,0.016271412
2984,0.020251617
2983,0.018012486
2982,0.016611675
2981,0.014486657
2980,0.016560778
2979,0.015709016
2978,0.018344132
2977,0.014745079
2976,0.017189698
2975,0.016788816
2974,0.018082589
2973,0.015337314
2972,0.018127756
2971,0.015856702
2970,0.018669132
2969,0.016070351
2968,0.016249884
2967,0.014546496
2966,0.014077069
2965,0.014212958
2964,0.014682761
2963,0.014086797
2962,0.016756658
2961,0.014097482
2960,0.015331921
2959,0.015684567
2958,0.014439949
2957,0.013708336
2956,0.013412677
2955,0.012147184
2954,0.014708618
2953,0.011816502
2952,0.014251562
2951,0.014158021
2950,0.014721877
2949,0.013091433
2948,0.013792124
2947,0.012820926
2946,0.012353383
2945,0.012954433
2944,0.011307374
2943,0.013092787
2942,0.011517606
2941,0.012152447
2940,0.011802844
2939,0.011710314
2938,0.0120912
2937,0.010674559
2936,0.0111809
2935,0.011447057
2934,0.011751415
2933,0.011782907
2932,0.010912078
2931,0.011258768
2930,0.010913475
2929,0.010848448
2928,0.013105716
2927,0.010961119
2926,0.010482813
2925,0.010192909
2924,0.013229007
2923,0.01225764
2922,0.01168193
2921,0.010344037
2920,0.011543568
2919,0.011230253
2918,0.011034884
2917,0.011989078
2916,0.01097504
2915,0.009948128
2914,0.011555196
2913,0.01131011
2912,0.011226634
2911,0.012680687
2910,0.01130542
2909,0.010467689
2908,0.011299336
2907,0.011521164
2906,0.012435878
2905,0.010933253
2904,0.010209768
2903,0.010450666
2902,0.009834906
2901,0.011070389
2900,0.010319572
2899,0.009576797
2898,0.010697281
2897,0.011022183
2896,0.010784305
2895,0.011066984
2894,0.010137178
2893,0.010578164
2892,0.011827455
2891,0.010018213
2890,0.012724404
2889,0.012010304
2888,0.011179144
2887,0.010749503
2886,0.01067221
2885,0.009842308
2884,0.011554223
2883,0.010416759
2882,0.010686562
2881,0.009458005
2880,0.011114166
2879,0.010003944
2878,0.011167995
2877,0.010632521
2876,0.012091632
2875,0.012425701
2874,0.010977764
2873,0.011894845
2872,0.010544269
2871,0.010536532
2870,0.011147953
2869,0.010359126
2868,0.010585445
2867,0.01057563
2866,0.010617508
2865,0.011869417
2864,0.010272406
2863,0.012022544
2862,0.010311549
2861,0.011489237
2860,0.010560588
2859,0.010631688
2858,0.010714082
2857,0.011427062
2856,0.010997932
2855,0.010870299
2854,0.011037602
2853,0.010578419
2852,0.011282657
2851,0.010917518
2850,0.010689769
2849,0.011498327
2848,0.011985567
2847,0.010570228
2846,0.009403676
2845,0.010893426
2844,0.010593691
2843,0.011252557
2842,0.010569349
2841,0.008105952
2840,0.011008025
2839,0.009586432
2838,0.008908626
2837,0.010279809
2836,0.011339119
2835,0.009913588
2834,0.011137123
2833,0.011039384
2832,0.009156697
2831,0.010433178
2830,0.011069984
2829,0.008582045
2828,0.010982846
2827,0.009709895
2826,0.010837959
2825,0.009899841
2824,0.008354276
2823,0.009284958
2822,0.010076565
2821,0.010506654
2820,0.008867521
2819,0.009536629
2818,0.01015667
2817,0.009396144
2816,0.009945593
2815,0.009529634
2814,0.009215648
2813,0.011463072
2812,0.01061865
2811,0.00945196
2810,0.009250099
2809,0.00885525
2808,0.00947964
2807,0.008694546
2806,0.010715061
2805,0.010317802
2804,0.008968222
2803,0.007977737
2802,0.010315333
2801,0.009749189
2800,0.009657647
2799,0.009464229
2798,0.008760609
2797,0.009390662
2796,0.010449103
2795,0.0094171
2794,0.008755598
2793,0.009653214
2792,0.007760106
2791,0.008576885
2790,0.010240966
2789,0.008978065
2788,0.00907144
2787,0.00957194
2786,0.009163466
2785,0.011121841
2784,0.010349726
2783,0.009109741
2782,0.008829298
2781,0.011771718
2780,0.010276979
2779,0.009640411
2778,0.009930582
2777,0.011046186
2776,0.010324677
2775,0.009398137
2774,0.01003012
2773,0.010311864
2772,0.010812291
2771,0.008912846
2770,0.010190626
2769,0.009082243
2768,0.010807757
2767,0.009975869
2766,0.010887528
2765,0.00883206
2764,0.008387183
2763,0.010084006
2762,0.009539486
2761,0.009249446
2760,0.010160203
2759,0.008931449
2758,0.009132559
2757,0.008994942
2756,0.008901673
2755,0.0091932
2754,0.009175613
2753,0.010272557
2752,0.008824446
2751,0.009888205
2750,0.007889816
2749,0.009758213
2748,0.009095375
2747,0.008340056
2746,0.008461677
2745,0.009798751
2744,0.009454615
2743,0.009897387
2742,0.009792239
2741,0.008100687
2740,0.00961412
2739,0.010821564
2738,0.010382803
2737,0.009679479
2736,0.008720071
2735,0.010248492
2734,0.009063235
2733,0.008899478
2732,0.009841611
2731,0.008956259
2730,0.00913768
2729,0.008811561
2728,0.009125637
2727,0.009371438
2726,0.007604691
2725,0.008256932
2724,0.009277956
2723,0.009047638
2722,0.008321756
2721,0.008261331
2720,0.010952856
2719,0.009587089
2718,0.009805405
2717,0.008848937
2716,0.009111245
2715,0.009411511
2714,0.008470275
2713,0.008621745
2712,0.009723192
2711,0.009572222
2710,0.008428837
2709,0.008836221
2708,0.00769766
2707,0.008799171
2706,0.009841057
2705,0.008339576
2704,0.008819266
2703,0.010713581
2702,0.008964388
2701,0.01059032
2700,0.008648632
2699,0.010035906
2698,0.009731505
2697,0.009032451
2696,0.007579064
2695,0.00989888
2694,0.009674324
2693,0.008465802
2692,0.009916079
2691,0.009038263
2690,0.010677871
2689,0.009682988
2688,0.009148284
2687,0.009569939
2686,0.009402933
2685,0.010145409
2684,0.010802527
2683,0.010599913
2682,0.010232765
2681,0.009404209
2680,0.010143282
2679,0.010031854
2678,0.009880572
2677,0.008260174
2676,0.008749356
2675,0.011641853
2674,0.010415018
2673,0.011255792
2672,0.009657102
2671,0.010114291
2670,0.009854351
2669,0.009266629
2668,0.009567598
2667,0.010955906
2666,0.009833731
2665,0.00915853
2664,0.010837961
2663,0.010729126
2662,0.009892179
2661,0.009821963
2660,0.011183264
2659,0.010018426
2658,0.010516566
2657,0.010134753
2656,0.009669887
2655,0.011207245
2654,0.009752425
2653,0.0083424
2652,0.009119502
2651,0.010520224
2650,0.01036181
2649,0.010652948
2648,0.00925788
2647,0.009088942
2646,0.010579702
2645,0.008754271
2644,0.010384211
2643,0.010832453
2642,0.010150105
2641,0.01038928
2640,0.010573147
2639,0.010805162
2638,0.010283346
2637,0.010159521
2636,0.009151964
2635,0.010223893
2634,0.009685487
2633,0.010868437
2632,0.010849325
2631,0.011733143
2630,0.008820314
2629,0.008775779
2628,0.009261309
2627,0.00927422
2626,0.010558626
2625,0.011090717
2624,0.009161672
2623,0.009000264
2622,0.010579775
2621,0.011408234
2620,0.009575154
2619,0.010617714
2618,0.008922983
2617,0.011190877
2616,0.009619186
2615,0.009722976
2614,0.010091479
2613,0.009740189
2612,0.00938444
2611,0.009703606
2610,0.010357992
2609,0.010278776
2608,0.011386005
2607,0.010181161
2606,0.011441942
2605,0.010266476
2604,0.011914538
2603,0.008722467
2602,0.009546078
2601,0.010320356
2600,0.010823699
2599,0.009750093
2598,0.01067424
2597,0.010417243
2596,0.011166626
2595,0.010138977
2594,0.009127164
2593,0.010613421
2592,0.012574306
2591,0.010523652
2590,0.010208587
2589,0.009733642
2588,0.009425731
2587,0.010696547
2586,0.009302954
2585,0.009202067
2584,0.010705685
2583,0.011164625
2582,0.010670281
2581,0.010295321
2580,0.009173994
2579,0.008760325
2578,0.00879001
2577,0.008427982
2576,0.010458181
2575,0.009610082
2574,0.008950112
2573,0.010558351
2572,0.010310581
2571,0.010106313
2570,0.009697437
2569,0.010652616
2568,0.009430806
2567,0.009161298
2566,0.008064562
2565,0.009715185
2564,0.010778621
2563,0.009458982
2562,0.009742861
2561,0.010072335
2560,0.008736343
2559,0.009112728
2558,0.010412114
2557,0.00971985
2556,0.008789175
2555,0.010466834
2554,0.011942407
2553,0.008292117
2552,0.010958808
2551,0.009691454
2550,0.009921883
2549,0.009924578
2548,0.00896233
2547,0.010981679
2546,0.010494851
2545,0.00953626
2544,0.008711018
2543,0.009679049
2542,0.010524441
2541,0.01089811
2540,0.008440522
2539,0.010551627
2538,0.010420191
2537,0.009757555
2536,0.009784152
2535,0.009798802
2534,0.008679179
2533,0.009430311
2532,0.010990985
2531,0.010395001
2530,0.009152807
2529,0.008774026
2528,0.009235095
2527,0.010599772
2526,0.009098631
2525,0.010257145
2524,0.007545907
2523,0.010395464
2522,0.009159998
2521,0.008395812
2520,0.00892123
2519,0.008992251
2518,0.009744415
2517,0.010631817
2516,0.010837048
2515,0.010839934
2514,0.009258717
2513,0.010706753
2512,0.009220055
2511,0.00925813
2510,0.010183076
2509,0.011860099
2508,0.009566384
2507,0.008194343
2506,0.008837575
2505,0.00948488
2504,0.009855058
2503,0.009451324
2502,0.010158052
2501,0.009373222
2500,0.009625711
2499,0.009622624
2498,0.010236867
2497,0.009155704
2496,0.010685947
2495,0.00872471
2494,0.010875923
2493,0.009808035
2492,0.010272141
2491,0.010117575
2490,0.010314616
2489,0.008699933
2488,0.009053717
2487,0.009632512
2486,0.008166848
2485,0.008911681
2484,0.00996158
2483,0.00892923
2482,0.009518407
2481,0.009535701
2480,0.008229331
2479,0.009399476
2478,0.008878068
2477,0.010954169
2476,0.009861562
2475,0.009915726
2474,0.009026853
2473,0.009661494
2472,0.010036035
2471,0.009874395
2470,0.009561916
2469,0.009733074
2468,0.009220799
2467,0.009736324
2466,0.007821982
2465,0.010193999
2464,0.01054542
2463,0.009412553
2462,0.010108036
2461,0.009558328
2460,0.011608432
2459,0.008282688
2458,0.010926435
2457,0.009555697
2456,0.009252277
2455,0.008435586
2454,0.009715892
2453,0.010333196
2452,0.008859454
2451,0.008716987
2450,0.009651501
2449,0.007904798
2448,0.00944498
2447,0.009407261
2446,0.009287403
2445,0.008471139
2444,0.008318588
2443,0.011136459
2442,0.011684371
2441,0.009983834
2440,0.010117486
2439,0.010570027
2438,0.008777824
2437,0.009339214
2436,0.010359842
2435,0.010087903
2434,0.010849724
2433,0.008559998
2432,0.011180366
2431,0.009734099
2430,0.011004032
2429,0.00838441
2428,0.008508193
2427,0.00924133
2426,0.00953708
2425,0.009749662
2424,0.009295817
2423,0.010205378
2422,0.009939843
2421,0.009294849
2420,0.009445273
2419,0.009567325
2418,0.010059735
2417,0.009005379
2416,0.009728896
2415,0.008339169
2414,0.00948893
2413,0.009573274
2412,0.00846524
2411,0.006776747
2410,0.009538464
2409,0.009375945
2408,0.009221883
2407,0.009520577
2406,0.008820452
2405,0.008780545
2404,0.008040865
2403,0.010218026
2402,0.006940552
2401,0.008896946
2400,0.008970001
2399,0.007666346
2398,0.009586435
2397,0.010000996
2396,0.007790993
2395,0.008859118
2394,0.009335984
2393,0.008659689
2392,0.008588216
2391,0.00769703
2390,0.010343643
2389,0.007197638
2388,0.009191019
2387,0.008761944
2386,0.011032071
2385,0.009818286
2384,0.0085998
2383,0.007855415
2382,0.009666645
2381,0.009165497
2380,0.008209157
2379,0.008133009
2378,0.008885664
2377,0.011735105
2376,0.00878106
2375,0.009481709
2374,0.008891838
2373,0.009383955
2372,0.008796703
2371,0.007060729
2370,0.010109018
2369,0.007961228
2368,0.010925184
2367,0.008385058
2366,0.008146869
2365,0.009790533
2364,0.008054593
2363,0.008574736
2362,0.00924177
2361,0.00885414
2360,0.009565809
2359,0.009019248
2358,0.009137604
2357,0.008397661
2356,0.008782926
2355,0.009364271
2354,0.009230045
2353,0.009588594
2352,0.010171721
2351,0.009572537
2350,0.009169369
2349,0.00904184
2348,0.008911625
2347,0.009711144
2346,0.00842186
2345,0.009335333
2344,0.01078953
2343,0.008913138
2342,0.008479857
2341,0.008246249
2340,0.010787332
2339,0.01051473
2338,0.008253504
2337,0.007864447
2336,0.007556775
2335,0.009118714
2334,0.010506229
2333,0.007269443
2332,0.008546439
2331,0.009185438
2330,0.00681773
2329,0.0085052
2328,0.008332205
2327,0.007686443
2326,0.009246435
2325,0.008773476
2324,0.008191689
2323,0.008266338
2322,0.010134227
2321,0.01042361
2320,0.007841178
2319,0.009082993
2318,0.009940868
2317,0.008098304
2316,0.008870196
2315,0.010134252
2314,0.008642145
2313,0.010286556
2312,0.008875313
2311,0.009008632
2310,0.008625479
2309,0.009610517
2308,0.008004338
2307,0.008870261
2306,0.008670602
2305,0.010151827
2304,0.006927402
2303,0.00931417
2302,0.007631096
2301,0.009048808
2300,0.010069278
2299,0.00820169
2298,0.008309601
2297,0.008376772
2296,0.008428531
2295,0.008184673
2294,0.009221181
2293,0.009911627
2292,0.008660498
2291,0.008639646
2290,0.007387307
2289,0.008750223
2288,0.009899415
2287,0.008642211
2286,0.009101172
2285,0.007977978
2284,0.009773574
2283,0.008864149
2282,0.009515543
2281,0.009360843
2280,0.009873797
2279,0.008743419
2278,0.008969617
2277,0.007516168
2276,0.010175278
2275,0.009358332
2274,0.010335983
2273,0.009493834
2272,0.00787605
2271,0.008497352
2270,0.009228281
2269,0.009624789
2268,0.007832198
2267,0.009406446
2266,0.009949944
2265,0.009264534
2264,0.008878836
2263,0.009651605
2262,0.007645906
2261,0.00958257
2260,0.007865569
2259,0.010107269
2258,0.008359677
2257,0.008286669
2256,0.008766098
2255,0.009321575
2254,0.009688058
2253,0.009030213
2252,0.007461666
2251,0.008363684
2250,0.009564951
2249,0.009878979
2248,0.008490996
2247,0.009913363
2246,0.009364655
2245,0.008616345
2244,0.008028708
2243,0.009889042
2242,0.008931253
2241,0.007732385
2240,0.00948092
2239,0.007470977
2238,0.007153673
2237,0.009231464
2236,0.008775341
2235,0.006455372
2234,0.009851246
2233,0.009720731
2232,0.008796367
2231,0.009380254
2230,0.009851433
2229,0.007611918
2228,0.009218259
2227,0.008859972
2226,0.009210037
2225,0.008034839
2224,0.009785781
2223,0.009334941
2222,0.007449564
2221,0.010020281
2220,0.009578269
2219,0.009214547
2218,0.008693888
2217,0.00861535
2216,0.009019283
2215,0.008380834
2214,0.008780308
2213,0.010196239
2212,0.009268689
2211,0.008178897
2210,0.00955301
2209,0.007842687
2208,0.007823326
2207,0.009314877
2206,0.008720274
2205,0.008507828
2204,0.009546326
2203,0.008068015
2202,0.009337136
2201,0.008442612
2200,0.007541745
2199,0.009345063
2198,0.007419917
2197,0.008225118
2196,0.009841264
2195,0.008221512
2194,0.008384198
2193,0.00956999
2192,0.008051046
2191,0.008929959
2190,0.008067249
2189,0.009045304
2188,0.008130535
2187,0.010317996
2186,0.007959582
2185,0.007926818
2184,0.009211307
2183,0.009298444
2182,0.008587567
2181,0.00932279
2180,0.008234113
2179,0.009421919
2178,0.009840404
2177,0.009831611
2176,0.009330566
2175,0.010062293
2174,0.008412436
2173,0.008921311
2172,0.008366353
2171,0.008693032
2170,0.009199652
2169,0.007455282
2168,0.009049146
2167,0.008021353
2166,0.008442388
2165,0.00832908
2164,0.00851428
2163,0.009908144
2162,0.009233616
2161,0.010453196
2160,0.008906675
2159,0.008433998
2158,0.008273398
2157,0.010288602
2156,0.008552205
2155,0.009199498
2154,0.008676409
2153,0.008832272
2152,0.007958504
2151,0.009131046
2150,0.009778867
2149,0.009392437
2148,0.006728029
2147,0.00916455
2146,0.009202636
2145,0.008638129
2144,0.010502542
2143,0.009563235
2142,0.008429881
2141,0.008142038
2140,0.008985715
2139,0.007893979
2138,0.009957303
2137,0.008754179
2136,0.009281263
2135,0.007068358
2134,0.006665159
2133,0.007975416
2132,0.009329247
2131,0.009165262
2130,0.008734399
2129,0.008533105
2128,0.008877202
2127,0.010634489
2126,0.009108271
2125,0.008762134
2124,0.008289265
2123,0.009321643
2122,0.009382855
2121,0.010895052
2120,0.007536366
2119,0.009530336
2118,0.011547221
2117,0.009299391
2116,0.00858073
2115,0.008752782
2114,0.008267606
2113,0.00913775
2112,0.0081926
2111,0.007304839
2110,0.0074967
2109,0.007785632
2108,0.007894436
2107,0.009646595
2106,0.009525732
2105,0.00905584
2104,0.00784844
2103,0.00794565
2102,0.009777341
2101,0.009301926
2100,0.009229411
2099,0.007854969
2098,0.008808072
2097,0.008702299
2096,0.010549432
2095,0.00855167
2094,0.008959907
2093,0.008472604
2092,0.01002941
2091,0.010164178
2090,0.008106512
2089,0.009048732
2088,0.008682607
2087,0.008211758
2086,0.009910133
2085,0.010204142
2084,0.008564544
2083,0.008647413
2082,0.008172754
2081,0.009358963
2080,0.008461609
2079,0.008926088
2078,0.007363687
2077,0.008098227
2076,0.009864319
2075,0.008038533
2074,0.00805371
2073,0.008780186
2072,0.009229605
2071,0.00768307
2070,0.008705058
2069,0.008777776
2068,0.00751073
2067,0.009699385
2066,0.010143211
2065,0.009043247
2064,0.010539636
2063,0.010100978
2062,0.009677885
2061,0.00859896
2060,0.008527045
2059,0.010012699
2058,0.008453812
2057,0.009095397
2056,0.007070886
2055,0.008278258
2054,0.008511106
2053,0.008847432
2052,0.007106062
2051,0.007021732
2050,0.007792611
2049,0.008596904
2048,0.007688316
2047,0.008790557
2046,0.009701318
2045,0.009321635
2044,0.008497485
2043,0.009053139
2042,0.009271272
2041,0.009888121
2040,0.007786162
2039,0.008763755
2038,0.008785663
2037,0.009630463
2036,0.007437707
2035,0.009006976
2034,0.009345973
2033,0.008244903
2032,0.007414067
2031,0.008699759
2030,0.008069309
2029,0.007987036
2028,0.009594267
2027,0.008227741
2026,0.008690033
2025,0.007518091
2024,0.007691445
2023,0.009205548
2022,0.009616756
2021,0.010018475
2020,0.007948034
2019,0.007950917
2018,0.008778768
2017,0.009991506
2016,0.008662298
2015,0.008305289
2014,0.009606034
2013,0.009427729
2012,0.008357151
2011,0.008489438
2010,0.009254534
2009,0.008251252
2008,0.008418771
2007,0.010116349
2006,0.010006925
2005,0.009298797
2004,0.008616522
2003,0.008366767
2002,0.008982578
2001,0.008870445
2000,0.008023375
1999,0.009928985
1998,0.009638473
1997,0.01059438
1996,0.010010645
1995,0.00940258
1994,0.009524715
1993,0.009752535
1992,0.009515896
1991,0.009219856
1990,0.008409968
1989,0.00894317
1988,0.010971304
1987,0.009023416
1986,0.008675834
1985,0.008906818
1984,0.010633115
1983,0.009965613
1982,0.009272925
1981,0.008451173
1980,0.010168738
1979,0.0103634
1978,0.009273048
1977,0.010194431
1976,0.009388296
1975,0.008639205
1974,0.009482251
1973,0.01034821
1972,0.011278157
1971,0.008299819
1970,0.009175574
1969,0.009782569
1968,0.010160694
1967,0.008501654
1966,0.009542964
1965,0.009527927
1964,0.008147282
1963,0.009204887
1962,0.008477949
1961,0.009524204
1960,0.010574112
1959,0.008402986
1958,0.008272738
1957,0.010621977
1956,0.009883619
1955,0.009819671
1954,0.008271096
1953,0.009126655
1952,0.009488501
1951,0.010217965
1950,0.008395406
1949,0.010644035
1948,0.00774999
1947,0.011448236
1946,0.008379996
1945,0.009582401
1944,0.010127255
1943,0.007068016
1942,0.008086899
1941,0.009468969
1940,0.009965226
1939,0.010254928
1938,0.010769404
1937,0.007093983
1936,0.008695662
1935,0.009712279
1934,0.008878017
1933,0.011510015
1932,0.01075702
1931,0.012568389
1930,0.009517454
1929,0.010216466
1928,0.01008316
1927,0.009372869
1926,0.011747116
1925,0.010916471
1924,0.009859567
1923,0.010105053
1922,0.009245411
1921,0.010157831
1920,0.012671214
1919,0.010417034
1918,0.010544805
1917,0.010883623
1916,0.011562648
1915,0.011000122
1914,0.01186976
1913,0.012249152
1912,0.011436913
1911,0.010600076
1910,0.012703527
1909,0.011650465
1908,0.010209509
1907,0.011656076
1906,0.011674679
1905,0.013011845
1904,0.012504291
1903,0.014752118
1902,0.011704152
1901,0.011466336
1900,0.013186099
1899,0.013207653
1898,0.014039902
1897,0.01613291
1896,0.015033562
1895,0.014461369
1894,0.015112231
1893,0.015324724
1892,0.0160091
1891,0.01647057
1890,0.016097508
1889,0.017002434
1888,0.017248843
1887,0.018729692
1886,0.018399363
1885,0.01911376
1884,0.019916736
1883,0.020072948
1882,0.022222191
1881,0.020609969
1880,0.021998893
1879,0.02341783
1878,0.024990728
1877,0.024372684
1876,0.026490347
1875,0.027599212
1874,0.03083181
1873,0.03122933
1872,0.03137866
1871,0.031537518
1870,0.034326825
1869,0.03581525
1868,0.037669752
1867,0.040580146
1866,0.041662868
1865,0.044874322
1864,0.047993042
1863,0.049273223
1862,0.053303059
1861,0.055871625
1860,0.058347534
1859,0.06169204
1858,0.065406904
1857,0.069677055
1856,0.073308334
1855,0.077446096
1854,0.082810998
1853,0.088272445
1852,0.095502742
1851,0.100534119
1850,0.107032634
1849,0.113903359
1848,0.120499879
1847,0.129801869
1846,0.140306458
1845,0.149846688
1844,0.159375474
1843,0.169266895
1842,0.182611838
1841,0.19644326
1840,0.212472588
1839,0.228898674
1838,0.244306162
1837,0.263078988
1836,0.283604652
1835,0.309411973
1834,0.332034946
1833,0.354885876
1832,0.381615937
1831,0.41105324
1830,0.450473845
1829,0.490278006
1828,0.527259946
1827,0.575153828
1826,0.627699852
1825,0.681747794
1824,0.745158434
1823,0.807771385
1822,0.875830352
1821,0.964710474
1820,1.066323519
1819,1.173575163
1818,1.289359808
1817,1.408463836
1816,1.557975054
1815,1.72519362
1814,1.913230538
1813,2.113984585
1812,2.344542027
1811,2.627619505
1810,2.936901331
1809,3.271344185
1808,3.656458855
1807,4.099218369
1806,4.618768215
1805,5.217668056
1804,5.890975475
1803,6.634701729
1802,7.511403561
1801,8.536623001
1800,9.699492455
1799,11.04919624
1798,12.57667351
1797,14.30948544
1796,16.26274109
1795,18.52429008
1794,21.09617996
1793,23.88945007
1792,27.14743042
1791,30.67268753
1790,34.47142029
1789,38.54312897
1788,42.82993317
1787,47.43303299
1786,52.07772827
1785,56.82907867
1784,61.4314003
1783,65.85855103
1782,70.09194183
1781,73.99847412
1780,77.53912354
1779,80.76062775
1778,83.58557129
1777,85.9415741
1776,87.97802734
1775,89.71727753
1774,91.14407349
1773,92.3620224
1772,93.35025787
1771,94.16512299
1770,94.83772278
1769,95.39143372
1768,95.85540009
1767,96.23413086
1766,96.56512451
1765,96.83031464
1764,97.04522705
1763,97.24004364
1762,97.36776733
1761,97.49794006
1760,97.57971954
1759,97.63864899
1758,97.67863464
1757,97.6856308
1756,97.6960907
1755,97.65606689
1754,97.63881683
1753,97.58953094
1752,97.52866364
1751,97.47105408
1750,97.41596222
1749,97.35604858
1748,97.2858429
1747,97.22888184
1746,97.18190765
1745,97.12141418
1744,97.08976746
1743,97.04008484
1742,97.01493073
1741,96.98188019
1740,96.95163727
1739,96.92678833
1738,96.89111328
1737,96.8663559
1736,96.83094788
1735,96.78668976
1734,96.74750519
1733,96.67578125
1732,96.60762787
1731,96.52651215
1730,96.43154907
1729,96.3265152
1728,96.19199371
1727,96.06826019
1726,95.9140625
1725,95.76207733
1724,95.5949707
1723,95.40628052
1722,95.23755646
1721,95.0451355
1720,94.84951019
1719,94.68177032
1718,94.49385834
1717,94.32324982
1716,94.16469574
1715,94.00164795
1714,93.86076355
1713,93.73858643
1712,93.61889648
1711,93.53504944
1710,93.44749451
1709,93.3946991
1708,93.34597015
1707,93.3177948
1706,93.3115921
1705,93.3055191
1704,93.32369232
1703,93.35732269
1702,93.37733459
1701,93.43086243
1700,93.48191071
1699,93.53622437
1698,93.59429932
1697,93.63209534
1696,93.68717194
1695,93.73908997
1694,93.77039337
1693,93.80638885
1692,93.82730103
1691,93.82704163
1690,93.83605194
1689,93.81742096
1688,93.79420471
1687,93.7813797
1686,93.73709869
1685,93.68997192
1684,93.63629913
1683,93.58151245
1682,93.53205872
1681,93.4571228
1680,93.40270996
1679,93.34737396
1678,93.28751373
1677,93.23717499
1676,93.18933105
1675,93.15150452
1674,93.12901306
1673,93.10562897
1672,93.09794617
1671,93.11103058
1670,93.11138153
1669,93.1448288
1668,93.18440247
1667,93.2197876
1666,93.27478027
1665,93.34513855
1664,93.40745544
1663,93.47894287
1662,93.55892181
1661,93.64324951
1660,93.71753693
1659,93.79389954
1658,93.86399078
1657,93.9395752
1656,94.00485992
1655,94.06188965
1654,94.12526703
1653,94.16425323
1652,94.18153381
1651,94.23754883
1650,94.25956726
1649,94.24254608
1648,94.26979065
1647,94.25147247
1646,94.23749542
1645,94.23490143
1644,94.2045517
1643,94.18305969
1642,94.17145538
1641,94.14042664
1640,94.11681366
1639,94.10834503
1638,94.08491516
1637,94.07745361
1636,94.06502533
1635,94.07154083
1634,94.07246399
1633,94.09297943
1632,94.10456848
1631,94.13381958
1630,94.17377472
1629,94.20053864
1628,94.2389679
1627,94.30053711
1626,94.3642807
1625,94.40510559
1624,94.47486115
1623,94.54171753
1622,94.58856964
1621,94.65183258
1620,94.72264862
1619,94.77308655
1618,94.82748413
1617,94.89471436
1616,94.94545746
1615,94.96727753
1614,95.02785492
1613,95.06190491
1612,95.08854675
1611,95.13526917
1610,95.17129517
1609,95.19060516
1608,95.23070526
1607,95.27057648
1606,95.29447937
1605,95.31620026
1604,95.36343384
1603,95.38771057
1602,95.42834473
1601,95.48699188
1600,95.53292084
1599,95.56491852
1598,95.62213898
1597,95.6830368
1596,95.72366333
1595,95.78098297
1594,95.85025787
1593,95.90085602
1592,95.93775177
1591,96.00011444
1590,96.04000092
1589,96.07602692
1588,96.09054565
1587,96.12104034
1586,96.12258911
1585,96.1140213
1584,96.11419678
1583,96.08756256
1582,96.03760529
1581,95.96877289
1580,95.93283844
1579,95.84148407
1578,95.74316406
1577,95.64970398
1576,95.5443573
1575,95.42285919
1574,95.28768921
1573,95.16944885
1572,95.02449036
1571,94.88986206
1570,94.76195526
1569,94.62324524
1568,94.50070953
1567,94.36901855
1566,94.26944733
1565,94.17183685
1564,94.0522995
1563,93.96840668
1562,93.90568542
1561,93.83210754
1560,93.76772308
1559,93.72486877
1558,93.70065308
1557,93.66088104
1556,93.63742065
1555,93.61544037
1554,93.62126923
1553,93.6100769
1552,93.57905579
1551,93.57275391
1550,93.56232452
1549,93.54785919
1548,93.50641632
1547,93.48924255
1546,93.46295929
1545,93.40763855
1544,93.35135651
1543,93.28668976
1542,93.22728729
1541,93.15390778
1540,93.06568146
1539,92.99441528
1538,92.90382385
1537,92.8270874
1536,92.73413849
1535,92.65743256
1534,92.58370209
1533,92.50038147
1532,92.43443298
1531,92.38757324
1530,92.34062958
1529,92.31045532
1528,92.29312134
1527,92.28211212
1526,92.2776413
1525,92.30945587
1524,92.32312775
1523,92.35699463
1522,92.41971588
1521,92.47401428
1520,92.54351044
1519,92.60534668
1518,92.70576477
1517,92.79013062
1516,92.90818024
1515,93.00012207
1514,93.1030426
1513,93.21481323
1512,93.3155365
1511,93.40834045
1510,93.49827576
1509,93.56594849
1508,93.59213257
1507,93.55963135
1506,93.48731232
1505,93.30173492
1504,93.01959229
1503,92.56252289
1502,91.94483948
1501,91.07105255
1500,89.92546082
1499,88.50971222
1498,86.641922
1497,84.4409256
1496,81.86438751
1495,78.82346344
1494,75.47155762
1493,71.66977692
1492,67.62483978
1491,63.2575531
1490,58.92993164
1489,54.44390106
1488,49.98670959
1487,45.69318008
1486,41.45940018
1485,37.51676941
1484,33.74668503
1483,30.41221809
1482,27.23917389
1481,24.3191433
1480,21.7213707
1479,19.26372719
1478,17.1660881
1477,15.24746609
1476,13.5267067
1475,11.97517872
1474,10.60551929
1473,9.373975754
1472,8.253212929
1471,7.275219917
1470,6.414894581
1469,5.635894299
1468,4.947982311
1467,4.339614391
1466,3.791865826
1465,3.317040682
1464,2.904048443
1463,2.538677216
1462,2.214420319
1461,1.941981673
1460,1.688202143
1459,1.474010587
1458,1.29283464
1457,1.132218122
1456,0.992473841
1455,0.868970633
1454,0.763334036
1453,0.671075761
1452,0.592869043
1451,0.526333392
1450,0.465297222
1449,0.413455546
1448,0.369773567
1447,0.328565538
1446,0.294271648
1445,0.263221681
1444,0.236543402
1443,0.213499621
1442,0.195340738
1441,0.175050765
1440,0.160775751
1439,0.145574167
1438,0.133876368
1437,0.122951433
1436,0.113022469
1435,0.103895761
1434,0.095933691
1433,0.088825256
1432,0.084252678
1431,0.076010138
1430,0.070287883
1429,0.064914465
1428,0.062098295
1427,0.05529397
1426,0.054236013
1425,0.050744116
1424,0.046338152
1423,0.045353316
1422,0.040869083
1421,0.03701726
1420,0.037983626
1419,0.035388876
1418,0.033004548
1417,0.031592317
1416,0.028044296
1415,0.02650132
1414,0.023176553
1413,0.02384696
1412,0.022359841
1411,0.022245605
1410,0.021551216
1409,0.019234255
1408,0.017746653
1407,0.016109083
1406,0.015754458
1405,0.014115619
1404,0.015577159
1403,0.014260781
1402,0.013359062
1401,0.0134879
1400,0.012290964
1399,0.011678535
1398,0.010499943
1397,0.010965411
1396,0.010966362
1395,0.010580605
1394,0.011125753
1393,0.010621926
1392,0.011056112
1391,0.011705366
1390,0.009691398
1389,0.010280966
1388,0.00905726
1387,0.010437292
1386,0.009342086
1385,0.010222302
1384,0.012007214
1383,0.008654446
1382,0.010212642
1381,0.009633129
1380,0.008293716
1379,0.009739647
1378,0.009968831
1377,0.008832932
1376,0.00940854
1375,0.008725062
1374,0.00831457
1373,0.009559664
1372,0.008392467
1371,0.008293219
1370,0.008663131
1369,0.00773412
1368,0.008426319
1367,0.009487047
1366,0.009710901
1365,0.009096765
1364,0.008830924
1363,0.008994482
1362,0.009342541
1361,0.00862731
1360,0.006784173
1359,0.010713022
1358,0.008136718
1357,0.008484119
1356,0.011249282
1355,0.007597276
1354,0.008795551
1353,0.008476024
1352,0.008650711
1351,0.008045244
1350,0.011041801
1349,0.008049502
1348,0.009060945
1347,0.008886031
1346,0.008969281
1345,0.008919624
1344,0.007475857
1343,0.009379968
1342,0.009247113
1341,0.007974793
1340,0.008326788
1339,0.007880538
1338,0.008746604
1337,0.009088855
1336,0.007312957
1335,0.009990211
1334,0.007424532
1333,0.007233712
1332,0.00824531
1331,0.008178591
1330,0.009649109
1329,0.008565841
1328,0.009040084
1327,0.00854482
1326,0.00770686
1325,0.007821039
1324,0.009758081
1323,0.008220207
1322,0.008325522
1321,0.008753117
1320,0.009242294
1319,0.008448475
1318,0.008477611
1317,0.00650494
1316,0.008768705
1315,0.007766993
1314,0.007376596
1313,0.010188899
1312,0.008980096
1311,0.006948987
1310,0.00862083
1309,0.009600295
1308,0.010100021
1307,0.00904413
1306,0.008300244
1305,0.006915052
1304,0.007450819
1303,0.00757796
1302,0.007483392
1301,0.007211421
1300,0.009617959
1299,0.009115464
1298,0.008286976
1297,0.008824268
1296,0.008972621
1295,0.008126346
1294,0.008164351
1293,0.009408123
1292,0.00778447
1291,0.0105957
1290,0.008440483
1289,0.007190129
1288,0.008125829
1287,0.010104609
1286,0.007061773
1285,0.00900003
1284,0.008306019
1283,0.0073981
1282,0.007896441
1281,0.010664735
1280,0.009304824
1279,0.007332698
1278,0.009222786
1277,0.008616419
1276,0.007675046
1275,0.008432817
1274,0.009657664
1273,0.008760517
1272,0.00863917
1271,0.008722931
1270,0.009278558
1269,0.007023252
1268,0.009543781
1267,0.006380389
1266,0.008060132
1265,0.008453507
1264,0.00678007
1263,0.007771371
1262,0.007342167
1261,0.008471511
1260,0.009595423
1259,0.008711583
1258,0.008527219
1257,0.007204804
1256,0.008241967
1255,0.008177073
1254,0.008400816
1253,0.008352598
1252,0.007979338
1251,0.008588379
1250,0.007735757
1249,0.008427956
1248,0.009031702
1247,0.008684227
1246,0.008013984
1245,0.008025069
1244,0.010323349
1243,0.007771558
1242,0.008304449
1241,0.008031146
1240,0.010593154
1239,0.008403564
1238,0.009464274
1237,0.007439024
1236,0.005803218
1235,0.006538373
1234,0.009787423
1233,0.00839946
1232,0.009588736
1231,0.007396507
1230,0.010005798
1229,0.009126863
1228,0.008162945
1227,0.00901028
1226,0.007586272
1225,0.008931106
1224,0.009394262
1223,0.00860347
1222,0.008746242
1221,0.010670827
1220,0.007670143
1219,0.008247029
1218,0.008250122
1217,0.006834772
1216,0.0065247
1215,0.008170092
1214,0.008887646
1213,0.007633037
1212,0.007965465
1211,0.007409004
1210,0.010096775
1209,0.007699976
1208,0.008078284
1207,0.008705209
1206,0.010050174
1205,0.007685864
1204,0.009054264
1203,0.005864583
1202,0.008555408
1201,0.007988336
1200,0.009499235
1199,0.008971784
1198,0.010012989
1197,0.006331748
1196,0.008149896
1195,0.008101194
1194,0.007683941
1193,0.008578573
1192,0.007532083
1191,0.00931706
1190,0.008562512
1189,0.006832608
1188,0.00926095
1187,0.00713755
1186,0.00897089
1185,0.00704363
1184,0.006741527
1183,0.008162974
1182,0.009011773
1181,0.008683998
1180,0.008265424
1179,0.010095489
1178,0.007430829
1177,0.008414664
1176,0.00802134
1175,0.009637927
1174,0.008735511
1173,0.009058436
1172,0.007221271
1171,0.008322192
1170,0.010058881
1169,0.00782188
1168,0.009352833
1167,0.010227845
1166,0.009499477
1165,0.008573755
1164,0.007527552
1163,0.008407027
1162,0.01074932
1161,0.008376774
1160,0.008819257
1159,0.007178422
1158,0.009113126
1157,0.008505356
1156,0.009200437
1155,0.007925024
1154,0.007520861
1153,0.008073647
1152,0.007131787
1151,0.008797805
1150,0.009351477
1149,0.008337077
1148,0.010323646
1147,0.007720781
1146,0.009379438
1145,0.009468012
1144,0.009635908
1143,0.008596654
1142,0.007897281
1141,0.010475711
1140,0.007698438
1139,0.008290938
1138,0.01024691
1137,0.008669103
1136,0.010636743
1135,0.009665602
1134,0.008031593
1133,0.008295271
1132,0.006039225
1131,0.008873837
1130,0.008637586
1129,0.007432011
1128,0.00742999
1127,0.007875154
1126,0.008895578
1125,0.008819093
1124,0.008885946
1123,0.009869339
1122,0.007175548
1121,0.008025388
1120,0.007224756
1119,0.008071104
1118,0.007586935
1117,0.007966257
1116,0.008612657
1115,0.00936109
1114,0.008746275
1113,0.008476039
1112,0.008976282
1111,0.008813499
1110,0.00855069
1109,0.009041327
1108,0.009248973
1107,0.007625131
1106,0.009195423
1105,0.006829863
1104,0.008158077
1103,0.008679037
1102,0.006177962
1101,0.007286064
1100,0.007632313
1099,0.00916453
1098,0.008244717
1097,0.008275709
1096,0.008058978
1095,0.008946121
1094,0.010196793
1093,0.00885833
1092,0.00958016
1091,0.005358621
1090,0.00852656
1089,0.008634272
1088,0.008678555
1087,0.008869261
1086,0.007298142
1085,0.008949661
1084,0.008206427
1083,0.009260757
1082,0.006696159
1081,0.008695871
1080,0.010162545
1079,0.007524572
1078,0.009078885
1077,0.008434577
1076,0.008526223
1075,0.008336528
1074,0.009500234
1073,0.007688884
1072,0.007889484
1071,0.009158569
1070,0.00838605
1069,0.007891971
1068,0.008148209
1067,0.009675974
1066,0.008637914
1065,0.00856592
1064,0.008693613
1063,0.009395648
1062,0.008199041
1061,0.00750788
1060,0.008224609
1059,0.009692329
1058,0.008380983
1057,0.008572706
1056,0.009515499
1055,0.010098892
1054,0.00820369
1053,0.009161696
1052,0.009578354
1051,0.008774181
1050,0.009929777
1049,0.008988878
1048,0.00780508
1047,0.00816072
1046,0.00867805
1045,0.009150848
1044,0.008413501
1043,0.007984443
1042,0.008694427
1041,0.007851015
1040,0.008262374
1039,0.007783864
1038,0.007574433
1037,0.009666921
1036,0.009011202
1035,0.008270624
1034,0.009250714
1033,0.010423906
1032,0.008924997
1031,0.009050637
1030,0.008728457
1029,0.008013187
1028,0.008473065
1027,0.010430253
1026,0.008455287
1025,0.010126172
1024,0.008215169
1023,0.007420844
1022,0.006217108
1021,0.010431676
1020,0.008585299
1019,0.009256905
1018,0.008436482
1017,0.008213204
1016,0.010270271
1015,0.008150449
1014,0.006872233
1013,0.010111325
1012,0.008552673
1011,0.007930405
1010,0.006986924
1009,0.008145781
1008,0.006538789
1007,0.009671345
1006,0.010443581
1005,0.008003899
1004,0.009370775
1003,0.009233522
1002,0.008391763
1001,0.009115375
1000,0.0081867
999,0.009070244
998,0.00877364
997,0.006998866
996,0.009272414
995,0.008996948
994,0.008820049
993,0.008838076
992,0.008773147
991,0.006396774
990,0.00968603
989,0.00910948
988,0.010182838
987,0.009231956
986,0.008425124
985,0.008646003
984,0.008250186
983,0.010337449
982,0.009097587
981,0.008254428
980,0.008820502
979,0.008996195
978,0.009684571
977,0.00856821
976,0.009346113
975,0.007746662
974,0.009590898
973,0.008897007
972,0.009976683
971,0.007413571
970,0.008576649
969,0.009814965
968,0.008914733
967,0.009644357
966,0.00859049
965,0.007916105
964,0.009379573
963,0.008300081
962,0.008779506
961,0.01027209
960,0.008451841
959,0.009534573
958,0.008953011
957,0.009476382
956,0.009102802
955,0.009111685
954,0.006461184
953,0.008679161
952,0.008997967
951,0.006437487
950,0.008476921
949,0.010589258
948,0.010165317
947,0.008846016
946,0.009828081
945,0.009647002
944,0.008736649
943,0.008976365
942,0.010059311
941,0.006893489
940,0.010591584
939,0.009152454
938,0.008982481
937,0.007208083
936,0.009614426
935,0.010852689
934,0.006615769
933,0.008719395
932,0.011489775
931,0.00854503
930,0.009414182
929,0.009088388
928,0.007679644
927,0.008886246
926,0.007453841
925,0.009428661
924,0.008086333
923,0.008721359
922,0.008166912
921,0.008818169
920,0.0091798
919,0.009187236
918,0.008062804
917,0.009485346
916,0.008781714
915,0.011600536
914,0.009935079
913,0.010274326
912,0.00836424
911,0.010032385
910,0.00961364
909,0.009014655
908,0.008862481
907,0.008480276
906,0.00972119
905,0.008091535
904,0.008168385
903,0.010424046
902,0.009462648
901,0.009668647
900,0.009095686
899,0.009578016
898,0.009218309
897,0.011356837
896,0.010486091
895,0.009247418
894,0.009620904
893,0.008292272
892,0.009147161
891,0.009818919
890,0.009825285
889,0.008021614
888,0.009829463
887,0.011003399
886,0.00949336
885,0.008431707
884,0.009526355
883,0.009897535
882,0.009395658
881,0.009906197
880,0.012172607
879,0.008190179
878,0.008762416
877,0.008570039
876,0.006779462
875,0.010056905
874,0.009106777
873,0.009834216
872,0.008140218
871,0.010233012
870,0.009794016
869,0.008436954
868,0.012184057
867,0.010873341
866,0.009001336
865,0.01007796
864,0.009857356
863,0.010247626
862,0.009658195
861,0.011719638
860,0.009088822
859,0.011113003
858,0.010358227
857,0.008432995
856,0.010829766
855,0.009016601
854,0.009261006
853,0.011077875
852,0.011180501
851,0.010787757
850,0.009481197
849,-0.000599483
848,0.000207783
847,-0.000334394
846,-0.000335563
845,-0.000318459
844,-0.000501632
843,-0.000376431
842,-0.000462326
841,-0.000439227
840,-0.000435292
839,-0.000466811
838,-0.000598411
837,-0.000447431
836,-0.0003957
835,-0.000506234
834,-0.000460326
833,-0.000502575
832,-0.000403316
831,-0.000378304
830,-0.000531454
829,-0.000419192
828,-0.000731688
827,-0.000498905
826,-0.000553522
825,-0.000580262
824,-0.000564652
823,-0.000644466
822,-0.000552019
821,-0.000511581
820,-0.000683968
819,-0.000617278
818,-0.00062046
817,-0.000605048
816,-0.000430497
815,-0.000709615
814,-0.000599169
813,-0.000683984
812,-0.000599047
811,-0.000627165
810,-0.000564016
809,-0.000505454
808,-0.000688947
807,-0.000608538
806,-0.00064521
805,-0.000575861
804,-0.000602021
803,-0.00052294
802,-0.000527038
801,-0.000713483
800,-0.000646138
799,-0.000618928
798,-0.000668553
797,-0.000651207
796,-0.000540895
795,-0.000611183
794,-0.00058497
793,-0.000448175
792,-0.000618833
791,-0.00064421
790,-0.000588308
789,-0.000539048
788,-0.000684754
787,-0.000647889
786,-0.000617965
785,-0.000553436
784,-0.000597117
783,-0.000688252
782,-0.000681265
781,-0.000623427
780,-0.000662586
779,-0.000548337
778,-0.00047628
777,-0.000647195
776,-0.000515344
775,-0.000492606
774,-0.000434169
773,-0.000553794
772,-0.000590905
771,-0.000555022
770,-0.000524609
769,-0.000463436
768,-0.000592079
767,-0.000527804
766,-0.000651074
765,-0.000569402
764,-0.000598912
763,-0.00057909
762,-0.000610662
761,-0.000647429
760,-0.000542273
759,-0.000524427
758,-0.000635526
757,-0.000585542
756,-0.000614864
755,-0.000617
754,-0.000596351
753,-0.000538918
752,-0.000615478
751,-0.00054073
750,-0.000595261
749,-0.000574986
748,-0.00056848
747,-0.000546714
746,-0.000564941
745,-0.000602008
744,-0.000679732
743,-0.000463292
742,-0.000479482
741,-0.00056488
740,-0.000637023
739,-0.000636208
738,-0.000504031
737,-0.000619406
736,-0.000619025
735,-0.000598564
734,-0.00049852
733,-0.000625503
732,-0.000605803
731,-0.000643291
730,-0.000522691
729,-0.000660385
728,-0.000654211
727,-0.000737209
726,-0.000630459
725,-0.00053451
724,-0.00056335
723,-0.000567249
722,-0.00056313
721,-0.000564711
720,-0.000465625
719,-0.000629688
718,-0.000568388
717,-0.000494198
716,-0.000595139
715,-0.000621467
714,-0.000536862
713,-0.000594953
712,-0.000503839
711,-0.000528204
710,-0.000552855
709,-0.000539458
708,-0.000627461
707,-0.000622406
706,-0.000508495
705,-0.000601489
704,-0.000522725
703,-0.000588497
702,-0.000515816
701,-0.000518134
700,-0.000610377
699,-0.0005527
698,-0.000479342
697,-0.000527557
696,-0.000469297
695,-0.000491156
694,-0.000518913
693,-0.000587935
692,-0.000648408
691,-0.000571407
690,-0.000546346
689,-0.000623824
688,-0.000517089
687,-0.000553051
686,-0.000529098
685,-0.000524436
684,-0.000495568
683,-0.000564047
682,-0.000605185
681,-0.000554628
680,-0.00046819
679,-0.000625125
678,-0.000473042
677,-0.000516027
676,-0.000566332
675,-0.000625536
674,-0.000532218
673,-0.000525878
672,-0.00042611
671,-0.000526591
670,-0.000628032
669,-0.000635578
668,-0.000641284
667,-0.000602965
666,-0.000631465
665,-0.000549255
664,-0.000515454
663,-0.000562542
662,-0.000509594
661,-0.000555469
660,-0.000539109
659,-0.000601457
658,-0.000545564
657,-0.000551732
656,-0.000675561
655,-0.000514758
654,-0.000435725
653,-0.000588485
652,-0.000595838
651,-0.000546782
650,-0.000519734
649,-0.000553831
648,-0.000529904
647,-0.000572095
646,-0.00055627
645,-0.000521193
644,-0.00067112
643,-0.000628513
642,-0.000566844
641,-0.00058981
640,-0.000753284
639,-0.000628423
638,-0.000660349
637,-0.000713112
636,-0.00072791
635,-0.000604415
634,-0.000564655
633,-0.000729038
632,-0.000483585
631,-0.00060328
630,-0.000638198
629,-0.000627446
628,-0.000646006
627,-0.000698896
626,-0.000656173
625,-0.000699875
624,-0.000741002
623,-0.00067552
622,-0.000649485
621,-0.000638433
620,-0.000701752
619,-0.000617613
618,-0.000630906
617,-0.000558888
616,-0.000629753
615,-0.000509533
614,-0.000564286
613,-0.000478235
612,-0.000579439
611,-0.000549046
610,-0.000570491
609,-0.000509326
608,-0.000677647
607,-0.000528809
606,-0.000485561
605,-0.000613592
604,-0.000525022
603,-0.000503729
602,-0.000570701
601,-0.000612512
600,-0.000612076
599,-0.000664246
598,-0.000587724
597,-0.000717063
596,-0.000645612
595,-0.000711946
594,-0.000779844
593,-0.000669122
592,-0.000702448
591,-0.00063701
590,-0.000680552
589,-0.000551574
588,-0.000696638
587,-0.000690996
586,-0.000656423
585,-0.000654111
584,-0.000652882
583,-0.0007541
582,-0.000581216
581,-0.000591854
580,-0.000662887
579,-0.000650069
578,-0.00062066
577,-0.000649538
576,-0.000650037
575,-0.000568324
574,-0.000593103
573,-0.000622682
572,-0.000694558
571,-0.000573805
570,-0.000618174
569,-0.000529702
568,-0.000542358
567,-0.000571825
566,-0.000676152
565,-0.00057921
564,-0.000608673
563,-0.000607027
562,-0.000645616
561,-0.000659715
560,-0.000624995
559,-0.000567288
558,-0.000522738
557,-0.000511051
556,-0.000613755
555,-0.000578308
554,-0.000610476
553,-0.000530956
552,-0.000577669
551,-0.000501034
550,-0.000582108
549,-0.000634398
548,-0.000615558
547,-0.000567006
546,-0.000531949
545,-0.000661326
544,-0.000465176
543,-0.000536621
542,-0.000555306
541,-0.000584631
540,-0.000484936
539,-0.000529275
538,-0.000564455
537,-0.000578121
536,-0.000559847
535,-0.000472684
534,-0.000500058
533,-0.000461368
532,-0.000467216
531,-0.000532368
530,-0.000433985
529,-0.000470736
528,-0.000559581
527,-0.000601154
526,-0.000453613
525,-0.000620084
524,-0.000530778
523,-0.00051674
522,-0.000618941
521,-0.000560679
520,-0.000565942
519,-0.000483936
518,-0.000495538
517,-0.000505712
516,-0.000551014
515,-0.000578761
514,-0.000494911
513,-0.000512591
512,-0.000494915
511,-0.000546385
510,-0.00052615
509,-0.000594991
508,-0.000588712
507,-0.00052207
506,-0.000530318
505,-0.000459681
504,-0.000458646
503,-0.000539149
502,-0.000478706
501,-0.000532866
500,-0.000526557
499,-0.000486426
498,-0.000506889
497,-0.000461169
496,-0.000482583
495,-0.000505153
494,-0.00046924
493,-0.000542929
492,-0.000442038
491,-0.00051363
490,-0.00049477
489,-0.000451081
488,-0.000595065
487,-0.000522317
486,-0.00058711
485,-0.000602089
484,-0.000500857
483,-0.00048049
482,-0.000468296
481,-0.000496454
480,-0.000463986
479,-0.000690974
478,-0.000453458
477,-0.000582387
476,-0.000495264
475,-0.000595172
474,-0.000506153
473,-0.000552673
472,-0.000532964
471,-0.000551944
470,-0.000538614
469,-0.000521577
468,-0.000526371
467,-0.000624231
466,-0.000598675
465,-0.000563147
464,-0.000510431
463,-0.000572859
462,-0.000550746
461,-0.000538938
460,-0.000585382
459,-0.000592472
458,-0.000667323
457,-0.000714425
456,-0.000621021
455,-0.000542112
454,-0.000617428
453,-0.00055947
452,-0.000706395
451,-0.000622126
450,-0.000574425
449,-0.000564095
448,-0.000610972
447,-0.00056363
446,-0.000581956
445,-0.000488517
444,-0.000727119
443,-0.000523545
442,-0.000636721
441,-0.000559076
440,-0.000566034
439,-0.000476083
438,-0.000681831
437,-0.000584458
436,-0.000597188
435,-0.000593507
434,-0.00066775
433,-0.000690715
432,-0.000593506
431,-0.000604821
430,-0.000572119
429,-0.00052845
428,-0.000532597
427,-0.000716069
426,-0.000576768
425,-0.000592855
424,-0.000596104
423,-0.000627791
422,-0.00054026
421,-0.000563197
420,-0.000559584
419,-0.000591551
418,-0.000619256
417,-0.000648947
416,-0.000639649
415,-0.000471299
414,-0.000502922
413,-0.000594214
412,-0.000617146
411,-0.000683197
410,-0.000620774
409,-0.000525211
408,-0.000575204
407,-0.000691275
406,-0.000494997
405,-0.000604457
404,-0.000591383
403,-0.000653306
402,-0.000620666
401,-0.000484427
400,-0.000634509