age_Gyr,M_Msun,T_eff_K,L_Lsun,log_g,R_Gcm,D,Li,J,H,Ks,Lprime,Mprime,clio_3.9,new_Lprime
0.001,0.01,2345.0,-2.7,3.57,18.99,1.0,1.0,9.246,8.813,8.324,7.696,7.834,7.733524476951325,7.850909350699994
0.001,0.015,2504.0,-2.42,3.58,22.9,1.0,1.0,8.595,8.168,7.726,7.153,7.24,7.201586903111018,7.299710671705447
0.001,0.02,2598.0,-2.25,3.59,26.11,1.0,1.0,8.171,7.739,7.324,6.785,6.853,6.840715636993843,6.9301296427033225
0.001,0.03,2710.0,-1.98,3.57,32.78,1.0,1.0,7.521,7.081,6.699,6.2,6.246,6.267320554672111,6.348487939176271
0.001,0.04,2779.0,-1.81,3.57,37.62,0.99,1.0,7.13,6.676,6.318,5.846,5.886,5.903936502240339,5.981465935217269
0.001,0.05,2824.0,-1.65,3.53,44.05,0.975,1.0,6.73,6.269,5.926,5.473,5.512,5.531628005015251,5.608760505681477
0.001,0.06,2864.0,-1.53,3.52,49.25,0.93,1.0,6.438,5.97,5.641,5.206,5.249,5.284097176600879,5.361629623287206
0.001,0.07,2897.0,-1.41,3.49,54.82,0.865,1.0,6.165,5.69,5.375,4.954,5.0,5.021813139070959,5.100069415074046
0.001,0.072,2896.0,-1.39,3.48,56.3,0.87,1.0,6.108,5.632,5.317,4.897,4.944,4.966752927559089,5.0452919243891206
0.001,0.075,2897.0,-1.36,3.47,58.18,0.865,1.0,6.034,5.557,5.243,4.825,4.872,4.896762847408755,4.975597697814726
0.001,0.08,2898.0,-1.31,3.45,61.53,0.865,1.0,5.911,5.431,5.12,4.704,4.752,4.775952220690295,4.855371868830408
0.001,0.09,2908.0,-1.23,3.42,67.28,0.805,1.0,5.704,5.218,4.912,4.503,4.553,4.565380860878139,4.64523328924863
0.001,0.1,2936.0,-1.17,3.43,70.29,0.409,1.0,5.576,5.077,4.78,4.385,4.437,4.454341322912004,4.5323915433752235
0.001,0.2,3226.0,-0.66,3.38,105.41,0.0083,1.0,4.421,3.758,3.53,3.271,3.352,3.374149265286383,3.4223977559928613
0.001,0.3,3428.0,-0.48,3.48,114.74,0.0,1.0,4.069,3.329,3.127,2.937,3.039,3.062259003642232,3.081257336726299
0.001,0.4,3634.0,-0.32,3.54,123.01,0.0,1.0,3.772,2.979,2.793,2.654,2.775,2.7977328467856237,2.78769213971013
0.001,0.5,3802.0,-0.18,3.59,131.2,0.0,1.0,3.502,2.706,2.538,2.432,2.568,2.613190789900573,2.58890498059953
0.001,0.6,3955.0,-0.07,3.62,138.26,0.0,1.0,3.269,2.5,2.346,2.259,2.397,2.438459490290453,2.4071020945002304
0.001,0.7,4078.0,0.04,3.63,147.06,0.0,1.0,3.035,2.299,2.158,2.081,2.216,2.2546828669380656,2.219518460999733
0.001,0.8,4192.0,0.13,3.65,154.36,0.0,1.0,2.841,2.141,2.011,1.94,2.068,2.12536961239193,2.088873791034191
0.001,0.9,4290.0,0.21,3.66,162.02,0.0,1.0,2.661,1.995,1.873,1.806,1.927,1.994123027792408,1.9572050401823744
0.001,1.0,4377.0,0.28,3.66,169.51,0.0,1.0,2.498,1.861,1.746,1.682,1.801,1.8542619921323125,1.8169129566172928
0.001,1.1,4456.0,0.35,3.67,176.77,0.0,1.0,2.35,1.739,1.631,1.569,1.683,1.7542019459940097,1.7167352703286962
0.001,1.2,4529.0,0.41,3.68,183.22,0.0,0.999,2.222,1.634,1.531,1.472,1.58,1.664957718351459,1.6273993798716075
0.001,1.3,4596.0,0.47,3.68,190.09,0.0,0.998,2.097,1.53,1.432,1.374,1.477,1.5608563674796085,1.523205934860348
0.001,1.4,4658.0,0.52,3.68,196.23,0.0,0.998,1.988,1.44,1.345,1.289,1.388,1.464314889099774,1.4266213021553913
0.002,0.01,2236.0,-2.96,3.75,15.44,1.0,1.0,9.906,9.45,8.935,8.256,8.47,8.278404493610601,8.40992721016492
0.002,0.015,2452.0,-2.65,3.77,18.4,1.0,1.0,9.152,8.719,8.268,7.677,7.804,7.717785721538175,7.822072156907169
0.002,0.02,2571.0,-2.46,3.78,20.93,1.0,1.0,8.695,8.256,7.837,7.289,7.38,7.335496059512749,7.426750922663375
0.002,0.03,2707.0,-2.14,3.73,27.12,0.925,1.0,7.942,7.496,7.114,6.613,6.668,6.669046782043708,6.749619817010162
0.002,0.04,2784.0,-1.9,3.67,33.72,0.78,1.0,7.365,6.908,6.55,6.079,6.122,6.150145820777173,6.226364771534117
0.002,0.05,2829.0,-1.72,3.61,40.29,0.68,1.0,6.92,6.457,6.114,5.662,5.704,5.728381280482972,5.804719868079892
0.002,0.06,2867.0,-1.58,3.57,46.4,0.56,1.0,6.565,6.096,5.768,5.332,5.376,5.407188099784874,5.484232979510558
0.002,0.07,2902.0,-1.45,3.53,52.13,0.4465,1.0,6.27,5.794,5.479,5.059,5.105,5.118294647430903,5.1955885456754665
0.002,0.072,2907.0,-1.43,3.53,53.36,0.444,1.0,6.213,5.735,5.422,5.004,5.051,5.083780638729291,5.160806890537114
0.002,0.075,2914.0,-1.4,3.52,55.1,0.424,1.0,6.135,5.654,5.343,4.93,4.977,5.009057733222527,5.085905766017835
0.002,0.08,2924.0,-1.35,3.5,58.05,0.4035,1.0,6.009,5.523,5.216,4.809,4.857,4.881358676774655,4.958064791196261
0.002,0.09,2934.0,-1.26,3.47,63.42,0.323,1.0,5.804,5.311,5.009,4.609,4.66,4.670549000285492,4.747578914136586
0.002,0.1,2972.0,-1.26,3.53,62.41,0.0297,1.0,5.796,5.29,4.997,4.612,4.665,4.677302077554071,4.751022390129459
0.002,0.2,3202.0,-0.96,3.67,75.56,0.0,1.0,5.164,4.562,4.314,4.018,4.082,4.121552831262038,4.171455691425266
0.002,0.3,3428.0,-0.72,3.72,86.84,0.0,1.0,4.674,3.981,3.765,3.549,3.635,3.6689263497189426,3.687669518718683
0.002,0.4,3606.0,-0.55,3.76,95.62,0.0,1.0,4.332,3.584,3.387,3.223,3.329,3.3639635690047918,3.3597040435365715
0.002,0.5,3763.0,-0.41,3.79,103.55,0.0,1.0,4.038,3.273,3.096,2.969,3.092,3.1294628181199258,3.110999710142255
0.002,0.6,3906.0,-0.29,3.82,109.6,0.0,1.0,3.806,3.044,2.883,2.784,2.915,2.9545546013274793,2.9269517195664974
0.002,0.7,4033.0,-0.18,3.84,116.38,0.0,0.999,3.575,2.834,2.688,2.606,2.739,2.7936341527753106,2.760717080983699
0.002,0.8,4153.0,-0.09,3.85,122.64,0.0,0.996,3.365,2.656,2.522,2.45,2.579,2.6348348736359712,2.5990162612490098
0.002,0.9,4259.0,-0.0,3.86,128.6,0.0,0.986,3.183,2.506,2.382,2.315,2.439,2.501085977128905,2.4644114716736323
0.002,1.0,4350.0,0.07,3.87,134.5,0.0,0.973,3.018,2.37,2.254,2.191,2.31,2.3856374486642817,2.3483515715449057
0.002,1.1,4432.0,0.14,3.87,139.92,0.0,0.969,2.873,2.252,2.143,2.082,2.196,2.2592148060926567,2.2216969077306503
0.002,1.2,4508.0,0.2,3.88,145.37,0.0,0.972,2.737,2.14,2.036,1.978,2.087,2.168922360416341,2.1313515164206494
0.002,1.3,4581.0,0.26,3.88,150.71,0.0,0.977,2.608,2.035,1.936,1.88,1.983,2.0625545060976864,2.0248197075346592
0.002,1.4,4653.0,0.32,3.88,155.74,0.0,0.983,2.49,1.939,1.844,1.79,1.889,1.963521003037766,1.9257164096413164
0.003,0.01,2142.0,-3.13,3.84,13.87,1.0,1.0,10.332,9.844,9.305,8.579,8.837,8.583395419568088,8.72695941568129
0.003,0.015,2406.0,-2.79,3.88,16.29,0.995,1.0,9.488,9.053,8.593,7.984,8.143,8.029710187267856,8.140960255556394
0.003,0.02,2545.0,-2.57,3.88,18.72,0.965,1.0,8.973,8.532,8.109,7.552,7.662,7.604921535174628,7.699357005970171
0.003,0.03,2706.0,-2.17,3.76,26.17,0.73,1.0,8.022,7.574,7.192,6.691,6.748,6.744699907600157,6.825197778177125
0.003,0.04,2784.0,-1.92,3.69,32.99,0.545,1.0,7.412,6.955,6.597,6.126,6.17,6.200109424061693,6.276114841189035
0.003,0.05,2831.0,-1.74,3.64,39.19,0.413,1.0,6.979,6.514,6.172,5.721,5.763,5.802088842256702,5.878132107152284
0.003,0.06,2870.0,-1.61,3.6,44.46,0.25,1.0,6.657,6.186,5.858,5.423,5.467,5.480316985502549,5.557079407119017
0.003,0.07,2906.0,-1.51,3.59,48.78,0.118,1.0,6.412,5.934,5.618,5.198,5.245,5.264703171247875,5.34061787670499
0.003,0.072,2911.0,-1.49,3.59,49.79,0.11,1.0,6.361,5.881,5.567,5.15,5.197,5.230202110605367,5.305855348570448
0.003,0.075,2919.0,-1.46,3.58,50.98,0.086,1.0,6.3,5.817,5.506,5.092,5.14,5.154719503175832,5.230150442760467
0.003,0.08,2931.0,-1.42,3.57,53.17,0.0635,1.0,6.194,5.705,5.398,4.992,5.04,5.050435038974056,5.125442117819623
0.003,0.09,2956.0,-1.36,3.59,55.67,0.0124,1.0,6.065,5.567,5.267,4.872,4.923,4.9533138917737585,5.026698608276058
0.003,0.1,2998.0,-1.44,3.73,49.8,0.0,1.0,6.261,5.751,5.46,5.078,5.13,5.158926606911962,5.22769240220936
0.003,0.2,3196.0,-1.1,3.81,64.29,0.0,1.0,5.523,4.94,4.685,4.375,4.432,4.478867362194528,4.528100380782782
0.003,0.3,3404.0,-0.86,3.85,74.82,0.0,1.0,5.016,4.357,4.13,3.893,3.967,4.011193265262297,4.034221989446893
0.003,0.4,3582.0,-0.68,3.88,83.22,0.0,1.0,4.647,3.929,3.725,3.542,3.639,3.6780645525362705,3.677924161339951
0.003,0.5,3731.0,-0.54,3.91,90.61,0.0,1.0,4.348,3.603,3.42,3.278,3.391,3.44443223618143,3.430164805226666
0.003,0.6,3868.0,-0.42,3.93,96.38,0.0,0.996,4.11,3.359,3.192,3.081,3.206,3.2432258342723177,3.2189999245192187
0.003,0.7,3998.0,-0.31,3.95,102.29,0.0,0.978,3.881,3.137,2.987,2.899,3.031,3.080572672667116,3.04983670826737
0.003,0.8,4120.0,-0.21,3.96,107.7,0.0,0.918,3.67,2.953,2.816,2.742,2.872,2.918907548820166,2.8840459791632664
0.003,0.9,4232.0,-0.13,3.97,112.52,0.0,0.873,3.491,2.805,2.679,2.612,2.738,2.7828273171969227,2.7463786093365092
0.003,1.0,4330.0,-0.05,3.98,117.42,0.0,0.875,3.327,2.671,2.553,2.491,2.611,2.6652094414849854,2.628002809110756
0.003,1.1,4421.0,0.02,3.99,122.57,0.0,0.899,3.167,2.542,2.432,2.371,2.485,2.5612114853655283,2.5236605691109664
0.003,1.2,4505.0,0.09,3.99,127.45,0.0,0.925,3.023,2.424,2.321,2.264,2.372,2.4438001976697126,2.406202273336287
0.003,1.3,4588.0,0.15,3.99,132.37,0.0,0.947,2.884,2.312,2.214,2.159,2.261,2.334732578426851,2.296943297910163
0.003,1.4,4671.0,0.22,3.99,137.96,0.0,0.965,2.74,2.193,2.1,2.048,2.144,2.232742951623423,2.194854071597427
0.004,0.01,2053.0,-3.27,3.9,12.92,1.0,1.0,10.737,10.179,9.599,8.816,9.103,8.806270157484962,8.959392281998142
0.004,0.015,2362.0,-2.89,3.94,15.05,0.98,1.0,9.714,9.271,8.806,8.186,8.378,8.203490959608628,8.320805696161964
0.004,0.02,2535.0,-2.61,3.91,18.02,0.88,1.0,9.072,8.63,8.205,7.645,7.763,7.687479147751316,7.783343663061602
0.004,0.03,2705.0,-2.19,3.78,25.78,0.57,1.0,8.055,7.607,7.225,6.724,6.781,6.795386493280898,6.875861992624466
0.004,0.04,2785.0,-1.95,3.71,32.08,0.323,1.0,7.473,7.015,6.657,6.186,6.23,6.249352898687689,6.325097712257458
0.004,0.05,2834.0,-1.78,3.67,37.47,0.169,1.0,7.074,6.608,6.267,5.815,5.858,5.87517955300589,5.9509366270993365
0.004,0.06,2875.0,-1.68,3.68,40.82,0.033,1.0,6.839,6.366,6.038,5.603,5.648,5.676830505494146,5.752290921120203
0.004,0.07,2914.0,-1.64,3.73,41.74,0.0002,1.0,6.745,6.263,5.947,5.527,5.574,5.607407336007575,5.68021203105669
0.004,0.072,2921.0,-1.63,3.73,42.18,0.0001,1.0,6.715,6.231,5.916,5.499,5.546,5.5713808399249345,5.643839015055346
0.004,0.075,2931.0,-1.61,3.74,42.5,0.0,1.0,6.687,6.199,5.887,5.474,5.522,5.544260709802601,5.61604064915466
0.004,0.08,2946.0,-1.58,3.74,43.86,0.0,1.0,6.6,6.108,5.8,5.394,5.443,5.462704333897566,5.533766388349951
0.004,0.09,2976.0,-1.53,3.76,45.38,0.0,1.0,6.49,5.988,5.689,5.296,5.346,5.3635714290127146,5.432811125687428
0.004,0.1,3013.0,-1.55,3.85,43.06,0.0,1.0,6.567,6.057,5.764,5.38,5.43,5.450026903000863,5.515166895967065
0.004,0.2,3206.0,-1.19,3.9,57.68,0.0,1.0,5.753,5.176,4.919,4.605,4.658,4.6993719875762014,4.746520191930441
0.004,0.3,3389.0,-0.95,3.93,67.99,0.0,1.0,5.238,4.601,4.367,4.114,4.181,4.222416230611202,4.2474725403962355
0.004,0.4,3560.0,-0.78,3.97,75.61,0.0,1.0,4.87,4.176,3.965,3.767,3.856,3.9161698244339567,3.9196164843893526
0.004,0.5,3704.0,-0.63,3.99,82.32,0.0,0.995,4.574,3.846,3.657,3.502,3.608,3.6570695455593087,3.6461333443695714
0.004,0.6,3842.0,-0.51,4.01,88.28,0.0,0.966,4.317,3.577,3.406,3.284,3.404,3.4534528255068278,3.4321011152285186
0.004,0.7,3976.0,-0.4,4.03,93.55,0.0,0.836,4.091,3.351,3.198,3.103,3.231,3.2881735042499427,3.2591679912984346
0.004,0.8,4096.0,-0.3,4.04,98.25,0.0,0.712,3.885,3.166,3.027,2.949,3.078,3.1260949253649697,3.0922248817201554
0.004,0.9,4212.0,-0.22,4.05,102.74,0.0,0.718,3.701,3.012,2.884,2.815,2.941,2.9880715649623952,2.951892176299099
0.004,1.0,4315.0,-0.14,4.06,107.1,0.0,0.761,3.536,2.876,2.757,2.694,2.814,2.8689191454132668,2.831889207440706
0.004,1.1,4417.0,-0.06,4.06,112.28,0.0,0.826,3.359,2.733,2.622,2.562,2.676,2.736901249532418,2.6993309494978526
0.004,1.2,4513.0,0.02,4.06,117.08,0.0,0.879,3.201,2.605,2.502,2.445,2.552,2.616264571751791,2.5786147989869095
0.004,1.3,4609.0,0.09,4.06,122.08,0.0,0.922,3.045,2.479,2.382,2.329,2.429,2.5037879906788874,2.465926737500578
0.004,1.4,4710.0,0.16,4.06,127.35,0.0,0.952,2.888,2.352,2.261,2.211,2.305,2.3973747810592347,2.35938906731744
0.005,0.01,1961.0,-3.39,3.94,12.33,1.0,1.0,11.125,10.483,9.84,8.992,9.229,8.981927346771187,9.136433527838841
0.005,0.015,2330.0,-2.96,3.99,14.34,0.955,1.0,9.882,9.433,8.96,8.324,8.539,8.357731151875315,8.479787518438865
0.005,0.02,2531.0,-2.62,3.92,17.81,0.805,1.0,9.102,8.66,8.234,7.673,7.794,7.715530845985322,7.8119623951886465
0.005,0.03,2705.0,-2.2,3.79,25.36,0.4245,1.0,8.092,7.643,7.261,6.759,6.818,6.8203534262813506,6.900776047169348
0.005,0.04,2785.0,-1.98,3.75,30.86,0.1485,1.0,7.558,7.099,6.741,6.269,6.315,6.349280159616364,6.424598491885064
0.005,0.05,2841.0,-1.85,3.75,34.31,0.0167,1.0,7.26,6.792,6.451,6.001,6.045,6.070719971949231,6.145710393823719
0.005,0.06,2890.0,-1.81,3.82,34.8,0.0,1.0,7.172,6.696,6.37,5.936,5.982,6.016317511802005,6.088454196960881
0.005,0.07,2928.0,-1.76,3.86,35.83,0.0,1.0,7.065,6.579,6.263,5.844,5.891,5.920599692743835,5.9902520752461115
0.005,0.072,2934.0,-1.75,3.86,36.34,0.0,1.0,7.027,6.54,6.225,5.809,5.856,5.885729952661762,5.955087878057025
0.005,0.075,2944.0,-1.73,3.87,36.81,0.0,1.0,6.987,6.497,6.185,5.773,5.821,5.859343047036462,5.928023716203359
0.005,0.08,2959.0,-1.69,3.87,37.98,0.0,1.0,6.901,6.407,6.099,5.693,5.742,5.778704248537808,5.846670824942407
0.005,0.09,2992.0,-1.64,3.88,39.69,0.0,1.0,6.767,6.264,5.965,5.573,5.623,5.652967233380448,5.719226408363827
0.005,0.1,3027.0,-1.63,3.94,38.9,0.0,1.0,6.779,6.268,5.974,5.59,5.638,5.666833924888426,5.728947445184244
0.005,0.2,3220.0,-1.26,3.97,53.15,0.0,1.0,5.92,5.347,5.088,4.773,4.824,4.867219484886259,4.912087287237435
0.005,0.3,3379.0,-1.02,4.0,63.09,0.0,1.0,5.41,4.789,4.549,4.285,4.347,4.405326490436173,4.4312529503713085
0.005,0.4,3546.0,-0.84,4.03,70.57,0.0,0.998,5.03,4.352,4.136,3.928,4.011,4.074980890513925,4.080543276486365
0.005,0.5,3696.0,-0.7,4.05,76.8,0.0,0.975,4.729,4.013,3.82,3.658,3.76,3.811744015076405,3.802062558647652
0.005,0.6,3830.0,-0.57,4.07,82.27,0.0,0.834,4.478,3.748,3.573,3.444,3.56,3.6090974296830702,3.5891272794968114
0.005,0.7,3960.0,-0.47,4.09,87.18,0.0,0.547,4.255,3.523,3.366,3.263,3.388,3.4441316087374654,3.4165250379382703
0.005,0.8,4081.0,-0.37,4.1,91.64,0.0,0.517,4.047,3.331,3.189,3.107,3.234,3.2817940956551612,3.249105784340113
0.005,0.9,4198.0,-0.28,4.11,95.8,0.0,0.567,3.862,3.172,3.042,2.971,3.097,3.1418978782031792,3.1062700388111453
0.005,1.0,4310.0,-0.2,4.12,100.27,0.0,0.658,3.682,3.022,2.902,2.839,2.959,3.0199956890046176,2.9830971496783922
0.005,1.1,4422.0,-0.12,4.12,104.77,0.0,0.755,3.506,2.881,2.77,2.711,2.824,2.885193050363313,2.8476087820366685
0.005,1.2,4531.0,-0.03,4.12,110.04,0.0,0.842,3.323,2.732,2.63,2.575,2.68,2.7611372000338763,2.723415786487423
0.005,1.3,4644.0,0.05,4.11,115.24,0.0,0.904,3.147,2.591,2.497,2.445,2.542,2.6193873070988705,2.5814605459299846
0.005,1.4,4771.0,0.14,4.11,120.59,0.0,0.944,2.968,2.45,2.363,2.314,2.404,2.507039426417188,2.468857056831309
0.006,0.01,1869.0,-3.5,3.97,11.89,1.0,1.0,11.583,10.789,10.077,9.155,9.361,9.141152831739666,9.293357445716344
0.006,0.015,2310.0,-2.99,4.01,13.95,0.92,1.0,9.991,9.539,9.06,8.411,8.64,8.431220019962463,8.556275774204765
0.006,0.02,2529.0,-2.63,3.93,17.67,0.715,1.0,9.123,8.68,8.254,7.692,7.815,7.7420252156453895,7.838768435710424
0.006,0.03,2704.0,-2.22,3.81,24.79,0.2765,1.0,8.143,7.694,7.312,6.81,6.87,6.871040425482113,6.951440615583451
0.006,0.04,2785.0,-2.04,3.81,28.77,0.0255,1.0,7.712,7.252,6.893,6.42,6.468,6.499171060145745,6.573850091452178
0.006,0.05,2847.0,-1.97,3.87,29.82,0.0,1.0,7.561,7.091,6.75,6.299,6.346,6.366195108513214,6.4389828688174875
0.006,0.06,2901.0,-1.91,3.92,30.78,0.0,1.0,7.43,6.952,6.626,6.193,6.239,6.258529366614095,6.328314636232115
0.006,0.07,2942.0,-1.85,3.95,32.19,0.0,1.0,7.284,6.795,6.48,6.064,6.111,6.135964272440898,6.203205577462155
0.006,0.072,2948.0,-1.83,3.95,32.65,0.0,1.0,7.245,6.755,6.441,6.028,6.075,6.101132305283593,6.1680917889524745
0.006,0.075,2959.0,-1.81,3.95,33.26,0.0,1.0,7.193,6.701,6.39,5.98,6.028,6.04906923579612,6.115517906386108
0.006,0.08,2974.0,-1.77,3.95,34.33,0.0,1.0,7.105,6.609,6.303,5.9,5.948,5.968529477956194,6.034293547031217
0.006,0.09,3006.0,-1.72,3.97,35.88,0.0,1.0,6.973,6.47,6.171,5.78,5.828,5.869127464927919,5.932766422999002
0.006,0.1,3039.0,-1.7,4.01,35.92,0.0,1.0,6.945,6.433,6.138,5.755,5.8,5.8348056758067335,5.894544775784856
0.006,0.2,3227.0,-1.31,4.03,49.52,0.0,1.0,6.069,5.499,5.239,4.922,4.971,5.014100509355339,5.057627303474805
0.006,0.3,3371.0,-1.08,4.06,59.15,0.0,1.0,5.557,4.943,4.701,4.432,4.491,4.5612123530624435,4.5877961059057295
0.006,0.4,3534.0,-0.9,4.08,66.22,0.0,0.991,5.178,4.512,4.292,4.076,4.154,4.207835025730697,4.21501652664808
0.006,0.5,3688.0,-0.75,4.1,72.61,0.0,0.911,4.857,4.151,3.954,3.786,3.884,3.9413397424653107,3.9328242329776275
0.006,0.6,3819.0,-0.63,4.12,77.73,0.0,0.513,4.608,3.888,3.709,3.574,3.685,3.7391962746777017,3.7204627863827677
0.006,0.7,3945.0,-0.52,4.14,82.26,0.0,0.315,4.391,3.666,3.505,3.396,3.518,3.5747067469565774,3.548363635532843
0.006,0.8,4067.0,-0.43,4.15,86.4,0.0,0.357,4.186,3.472,3.328,3.24,3.366,3.412021845518513,3.380370913121763
0.006,0.9,4190.0,-0.33,4.16,90.97,0.0,0.453,3.98,3.29,3.159,3.086,3.211,3.26899785584764,3.2337375510668154
0.006,1.0,4310.0,-0.24,4.16,95.27,0.0,0.572,3.792,3.133,3.013,2.949,3.069,3.1197677890710187,3.0829403502815786
0.006,1.1,4434.0,-0.15,4.17,99.71,0.0,0.701,3.604,2.983,2.873,2.815,2.926,3.006616765593027,2.969005968018359
0.006,1.2,4561.0,-0.06,4.16,104.66,0.0,0.814,3.411,2.829,2.729,2.675,2.778,2.852936526654669,2.815126745367527
0.006,1.3,4695.0,0.03,4.15,110.2,0.0,0.892,3.211,2.67,2.578,2.528,2.622,2.7060581431045385,2.6680571447397012
0.006,1.4,4849.0,0.14,4.14,116.27,0.0,0.94,3.0,2.503,2.42,2.373,2.458,2.562440678655371,2.524136353721475
0.007,0.01,1811.0,-3.58,4.0,11.54,1.0,1.0,11.836,10.978,10.234,9.275,9.556,9.26423057050364,9.423059765365336
0.007,0.015,2292.0,-3.03,4.03,13.66,0.875,1.0,10.066,9.614,9.132,8.475,8.718,8.498365538190821,8.626294203037071
0.007,0.02,2527.0,-2.64,3.94,17.55,0.635,1.0,9.142,8.699,8.272,7.71,7.834,7.768521644939167,7.8655774854510865
0.007,0.03,2702.0,-2.25,3.84,24.08,0.157,1.0,8.208,7.759,7.376,6.873,6.935,6.947448859225388,7.027857077507629
0.007,0.04,2785.0,-2.14,3.91,25.67,0.0001,1.0,7.963,7.5,7.14,6.667,6.718,6.7489892520529295,6.822603902644145
0.007,0.05,2850.0,-2.06,3.96,26.84,0.0,1.0,7.79,7.318,6.976,6.524,6.572,6.588574716620817,6.659454845582962
0.007,0.06,2905.0,-1.99,4.0,28.13,0.0,1.0,7.623,7.143,6.816,6.383,6.429,6.455077136516917,6.52312388942517
0.007,0.07,2948.0,-1.91,4.02,29.72,0.0,1.0,7.452,6.963,6.647,6.231,6.279,6.306849911878504,6.3726455074349335
0.007,0.072,2956.0,-1.9,4.02,30.14,0.0,1.0,7.412,6.921,6.608,6.195,6.243,6.270627693610224,6.336057418583987
0.007,0.075,2967.0,-1.87,4.02,30.69,0.0,1.0,7.359,6.866,6.556,6.147,6.195,6.218603633408701,6.283536626106507
0.007,0.08,2984.0,-1.84,4.02,31.68,0.0,1.0,7.27,6.773,6.467,6.065,6.113,6.136734954927213,6.200914368353494
0.007,0.09,3014.0,-1.78,4.03,33.31,0.0,1.0,7.131,6.627,6.327,5.935,5.983,6.014358154027213,6.076253972684671
0.007,0.1,3041.0,-1.76,4.07,33.53,0.0,1.0,7.094,6.582,6.286,5.902,5.947,5.983634866389864,6.042396995463971
0.007,0.2,3230.0,-1.36,4.08,46.9,0.0,1.0,6.185,5.617,5.356,5.038,5.086,5.137844221452886,5.180398352574084
0.007,0.3,3367.0,-1.13,4.1,56.35,0.0,0.999,5.667,5.058,4.814,4.541,4.598,4.664347312609248,4.691208621206567
0.007,0.4,3525.0,-0.95,4.12,63.15,0.0,0.972,5.289,4.632,4.409,4.186,4.261,4.313841240489034,4.322265353339602
0.007,0.5,3679.0,-0.8,4.14,69.12,0.0,0.744,4.971,4.274,4.074,3.899,3.994,4.046187916846778,4.038863659159564
0.007,0.6,3809.0,-0.68,4.16,74.05,0.0,0.204,4.721,4.008,3.827,3.685,3.793,3.8437415058569044,3.826095225500735
0.007,0.7,3933.0,-0.57,4.18,78.41,0.0,0.186,4.504,3.784,3.62,3.506,3.625,3.679277169494129,3.6539510323115247
0.007,0.8,4057.0,-0.47,4.19,82.79,0.0,0.254,4.286,3.574,3.428,3.338,3.462,3.5157658102570566,3.4848966790540463
0.007,0.9,4185.0,-0.38,4.2,86.67,0.0,0.351,4.088,3.399,3.267,3.193,3.317,3.3702667195928893,3.335276533826038
0.007,1.0,4316.0,-0.28,4.2,91.28,0.0,0.502,3.88,3.223,3.104,3.04,3.159,3.2178392283528234,3.1810528573867987
0.007,1.1,4454.0,-0.18,4.2,95.75,0.0,0.66,3.677,3.063,2.955,2.897,3.007,3.075970839371342,3.0383424171151474
0.007,1.2,4599.0,-0.08,4.19,100.9,0.0,0.796,3.465,2.894,2.797,2.744,2.845,2.9177366187841485,2.879826875937738
0.007,1.3,4758.0,0.03,4.18,106.85,0.0,0.886,3.239,2.716,2.628,2.579,2.669,2.765274936998318,2.7270910468918297
0.007,1.4,4948.0,0.15,4.16,113.65,0.0,0.938,2.992,2.521,2.442,2.399,2.477,2.5884436873960337,2.549975008339196
0.008,0.01,1714.0,-3.7,4.02,11.31,1.0,1.0,12.493,11.323,10.421,9.364,9.598,9.366330878618665,9.519492625242139
0.008,0.015,2280.0,-3.05,4.04,13.49,0.83,1.0,10.106,9.653,9.172,8.511,8.764,8.530057836303959,8.659963323222005
0.008,0.02,2525.0,-2.65,3.94,17.42,0.56,1.0,9.16,8.717,8.29,7.727,7.853,7.770089736469568,7.867405324107898
0.008,0.03,2699.0,-2.29,3.87,23.05,0.059,1.0,8.309,7.858,7.474,6.971,7.035,7.024572471997445,7.105070114647937
0.008,0.04,2784.0,-2.22,3.99,23.35,0.0,1.0,8.173,7.708,7.347,6.872,6.927,6.9494716103874605,7.022678378297011
0.008,0.05,2849.0,-2.13,4.03,24.8,0.0,1.0,7.965,7.491,7.149,6.695,6.746,6.763823433891138,6.833611502095607
0.008,0.06,2903.0,-2.05,4.06,26.27,0.0,1.0,7.776,7.294,6.967,6.532,6.581,6.60636735633606,6.673865642392183
0.008,0.07,2948.0,-1.97,4.08,27.75,0.0,1.0,7.605,7.114,6.798,6.38,6.43,6.456690559711201,6.521860377099787
0.008,0.072,2956.0,-1.96,4.08,28.14,0.0,1.0,7.564,7.073,6.758,6.344,6.393,6.420469166439516,6.4852766149177645
0.008,0.075,2968.0,-1.93,4.08,28.8,0.0,1.0,7.499,7.005,6.694,6.284,6.334,6.367748834833384,6.432019932457988
0.008,0.08,2986.0,-1.89,4.08,29.72,0.0,1.0,7.409,6.911,6.605,6.202,6.252,6.285315982129499,6.348756369680103
0.008,0.09,3017.0,-1.83,4.09,31.24,0.0,1.0,7.27,6.764,6.464,6.072,6.12,6.162603095854575,6.223402578483206
0.008,0.1,3045.0,-1.8,4.12,31.79,0.0,1.0,7.209,6.695,6.4,6.014,6.06,6.106259839426356,6.163990714857376
0.008,0.2,3234.0,-1.4,4.12,44.67,0.0,1.0,6.289,5.722,5.46,5.142,5.189,5.235841760472809,5.277442486937782
0.008,0.3,3364.0,-1.17,4.14,53.67,0.0,0.996,5.775,5.171,4.926,4.65,4.705,4.766884927539261,4.793901468829908
0.008,0.4,3518.0,-0.99,4.16,60.6,0.0,0.926,5.385,4.735,4.51,4.282,4.354,4.418814763976778,4.428256030802361
0.008,0.5,3669.0,-0.84,4.18,66.24,0.0,0.449,5.071,4.383,4.18,3.999,4.09,4.151505374870346,4.145481922549083
0.008,0.6,3798.0,-0.72,4.2,70.82,0.0,0.0871,4.826,4.121,3.936,3.788,3.893,3.948758623269719,3.9322766922703667
0.008,0.7,3923.0,-0.61,4.22,75.13,0.0,0.104,4.604,3.889,3.723,3.604,3.72,3.783608817829054,3.7591844283647777
0.008,0.8,4049.0,-0.51,4.23,79.45,0.0,0.173,4.381,3.673,3.524,3.431,3.553,3.6188203779511325,3.588659501232461
0.008,0.9,4184.0,-0.41,4.23,83.59,0.0,0.282,4.166,3.48,3.347,3.272,3.395,3.4454057797065767,3.4105693390388074
0.008,1.0,4327.0,-0.3,4.23,88.11,0.0,0.448,3.948,3.295,3.177,3.114,3.231,3.289558062539583,3.2527699866966535
0.008,1.1,4481.0,-0.2,4.23,92.68,0.0,0.63,3.73,3.123,3.017,2.961,3.069,3.1434515962292107,3.105802765481779
0.008,1.2,4647.0,-0.09,4.22,98.1,0.0,0.785,3.494,2.938,2.844,2.793,2.89,2.979851836013526,2.9418616982602828
0.008,1.3,4837.0,0.04,4.2,104.42,0.0,0.882,3.24,2.74,2.656,2.609,2.694,2.7954467124348796,2.757133449221964
0.008,1.4,5064.0,0.18,4.17,112.4,0.0,0.938,2.951,2.508,2.435,2.395,2.466,2.586245497711891,2.5476452055393066
0.009,0.01,1635.0,-3.79,4.03,11.13,1.0,1.0,12.939,11.748,10.704,9.442,9.736,9.439049317309294,9.588438829483191
0.009,0.015,2268.0,-3.06,4.05,13.35,0.77,1.0,10.144,9.689,9.207,8.543,8.806,8.561791640603566,8.693702219980363
0.009,0.02,2522.0,-2.65,3.95,17.3,0.4915,1.0,9.178,8.735,8.308,7.744,7.872,7.797376380224517,7.895137055159566
0.009,0.03,2693.0,-2.35,3.93,21.54,0.0072,1.0,8.465,8.012,7.627,7.121,7.19,7.178662498618509,7.2593308629814395
0.009,0.04,2777.0,-2.29,4.05,21.7,0.0,1.0,8.341,7.876,7.514,7.036,7.096,7.101842228168733,7.175127083344028
0.009,0.05,2846.0,-2.19,4.09,23.28,0.0,1.0,8.106,7.632,7.289,6.834,6.888,6.915580054888094,6.984808969844625
0.009,0.06,2901.0,-2.1,4.11,24.79,0.0,1.0,7.905,7.423,7.095,6.659,6.709,6.7326865030193535,6.799743051426372
0.009,0.07,2947.0,-2.02,4.13,26.32,0.0,1.0,7.722,7.231,6.914,6.495,6.546,6.582264165198664,6.646958119870776
0.009,0.072,2955.0,-2.0,4.13,26.69,0.0,1.0,7.682,7.189,6.874,6.458,6.509,6.5460398016981705,6.610373819220846
0.009,0.075,2968.0,-1.98,4.13,27.17,0.0,1.0,7.628,7.134,6.822,6.41,6.461,6.492617764266573,6.556375018834468
0.009,0.08,2987.0,-1.94,4.13,28.18,0.0,1.0,7.526,7.027,6.72,6.317,6.367,6.410135232208342,6.472794089521644
0.009,0.09,3019.0,-1.87,4.13,29.77,0.0,1.0,7.374,6.868,6.567,6.174,6.223,6.261655944138748,6.321706183364589
0.009,0.1,3048.0,-1.84,4.16,30.29,0.0,1.0,7.312,6.797,6.501,6.116,6.162,6.20448329841606,6.261411754084439
0.009,0.2,3237.0,-1.44,4.16,42.78,0.0,1.0,6.381,5.815,5.553,5.233,5.28,5.3344657780213245,5.375227500331836
0.009,0.3,3363.0,-1.21,4.17,51.67,0.0,0.99,5.859,5.258,5.012,4.734,4.788,4.843033154774325,4.87001145143623
0.009,0.4,3512.0,-1.02,4.19,58.39,0.0,0.83,5.471,4.827,4.6,4.367,4.437,4.4979609618871965,4.508262765066622
0.009,0.5,3659.0,-0.88,4.21,63.8,0.0,0.149,5.16,4.48,4.274,4.086,4.174,4.231634421226608,4.226842352341239
0.009,0.6,3789.0,-0.76,4.23,68.24,0.0,0.0417,4.913,4.215,4.027,3.874,3.976,4.028109607822808,4.01253670741845
0.009,0.7,3916.0,-0.64,4.24,72.75,0.0,0.0624,4.679,3.968,3.8,3.677,3.791,3.836550843292791,3.812681829204479
0.009,0.8,4044.0,-0.54,4.26,76.78,0.0,0.119,4.459,3.753,3.604,3.507,3.629,3.695765207653206,3.6660984479192438
0.009,0.9,4185.0,-0.43,4.26,81.14,0.0,0.235,4.229,3.544,3.411,3.336,3.459,3.519953483274523,3.485234946263518
0.009,1.0,4344.0,-0.32,4.26,85.31,0.0,0.409,4.006,3.358,3.241,3.179,3.295,3.359598942955277,3.3227794446547105
0.009,1.1,4513.0,-0.21,4.25,90.3,0.0,0.612,3.764,3.167,3.063,3.008,3.114,3.1847237021180956,3.147017316094524
0.009,1.2,4702.0,-0.08,4.24,96.06,0.0,0.778,3.504,2.965,2.874,2.824,2.917,3.015653398280948,2.977593076710849
0.009,1.3,4927.0,0.06,4.21,103.0,0.0,0.881,3.217,2.74,2.661,2.617,2.696,2.7987090177662077,2.7602598276723
0.009,1.4,5201.0,0.23,4.17,112.42,0.0,0.938,2.878,2.466,2.399,2.364,2.427,2.5558659687830576,2.517014304757024
0.01,0.01,1570.0,-3.87,4.04,10.96,1.0,1.0,13.247,12.028,10.922,9.54,9.874,9.522386809786637,9.672912779046243
0.01,0.015,2261.0,-3.08,4.05,13.26,0.725,1.0,10.168,9.712,9.23,8.563,8.831,8.565732683145118,8.698775786900582
0.01,0.02,2519.0,-2.67,3.96,17.14,0.413,1.0,9.204,8.761,8.333,7.768,7.898,7.824667849992409,7.922875676633826
0.01,0.03,2682.0,-2.43,4.01,19.83,0.0001,1.0,8.662,8.207,7.82,7.31,7.386,7.385779746675736,7.466891488126141
0.01,0.04,2768.0,-2.35,4.1,20.49,0.0,1.0,8.475,8.009,7.646,7.166,7.23,7.2306835372894005,7.304245200600359
0.01,0.05,2843.0,-2.23,4.13,22.09,0.0,1.0,8.223,7.749,7.406,6.95,7.006,7.017396191826979,7.086287819317263
0.01,0.06,2900.0,-2.15,4.16,23.52,0.0,1.0,8.023,7.54,7.211,6.774,6.826,6.858278157958912,6.92484404449708
0.01,0.07,2946.0,-2.06,4.17,25.11,0.0,1.0,7.827,7.336,7.018,6.598,6.65,6.682864659041716,6.747186710634522
0.01,0.072,2954.0,-2.04,4.17,25.46,0.0,1.0,7.787,7.294,6.979,6.561,6.613,6.646637184406834,6.710601150482875
0.01,0.075,2967.0,-2.02,4.17,25.92,0.0,1.0,7.734,7.239,6.926,6.513,6.565,6.593268859881901,6.656637786073231
0.01,0.08,2987.0,-1.98,4.17,26.87,0.0,1.0,7.631,7.132,6.825,6.42,6.471,6.510495633015742,6.572580565700147
0.01,0.09,3021.0,-1.91,4.17,28.38,0.0,1.0,7.478,6.972,6.671,6.277,6.326,6.360709617959102,6.420012434623303
0.01,0.1,3050.0,-1.87,4.19,29.18,0.0,1.0,7.392,6.877,6.581,6.195,6.241,6.2783023166747265,6.3346542509628945
0.01,0.2,3240.0,-1.47,4.19,41.2,0.0,1.0,6.461,5.896,5.633,5.313,5.359,5.407968249984879,5.448020372851516
0.01,0.3,3363.0,-1.23,4.2,50.02,0.0,0.979,5.93,5.331,5.085,4.805,4.858,4.918625262987301,4.9455234363117855
0.01,0.4,3508.0,-1.05,4.22,56.48,0.0,0.663,5.547,4.908,4.679,4.444,4.511,4.576049820371178,4.586975279599047
0.01,0.5,3651.0,-0.91,4.24,61.7,0.0,0.0237,5.239,4.566,4.357,4.165,4.25,4.310884409445957,4.307137550684318
0.01,0.6,3781.0,-0.79,4.26,66.09,0.0,0.0202,4.989,4.296,4.106,3.948,4.048,4.107060478076381,4.0923326145095675
0.01,0.7,3908.0,-0.67,4.27,70.47,0.0,0.0357,4.753,4.047,3.876,3.75,3.862,3.9150129093400206,3.891854945679688
0.01,0.8,4041.0,-0.57,4.28,74.67,0.0,0.0861,4.521,3.818,3.667,3.569,3.69,3.746946334291957,3.717596712590765
0.01,0.9,4191.0,-0.46,4.29,78.61,0.0,0.191,4.293,3.61,3.478,3.403,3.525,3.593024961470391,3.5583345296276487
0.01,1.0,4363.0,-0.34,4.28,83.38,0.0,0.383,4.042,3.4,3.284,3.223,3.338,3.404163959977587,3.367150784677608
0.01,1.1,4553.0,-0.21,4.27,88.29,0.0,0.597,3.785,3.2,3.1,3.046,3.149,3.22399929592907,3.1861544555128294
0.01,1.2,4768.0,-0.07,4.25,94.49,0.0,0.774,3.499,2.979,2.891,2.843,2.932,3.024201459220903,2.9859682936515286
0.01,1.3,5038.0,0.09,4.22,102.32,0.0,0.88,3.169,2.719,2.645,2.605,2.677,2.7974011293437466,2.758801052114083
0.01,1.4,5363.0,0.29,4.16,113.92,0.0,0.938,2.769,2.39,2.33,2.3,2.353,2.4956275252757694,2.456477301346673
0.02,0.01,1395.0,-4.15,4.11,10.15,0.995,1.0,13.61,12.422,11.569,10.331,10.971,10.240037526095318,10.478219770670286
0.02,0.015,2209.0,-3.15,4.09,12.7,0.392,1.0,10.391,9.916,9.413,8.712,8.991,8.718534555835648,8.857045935954858
0.02,0.02,2411.0,-2.92,4.14,13.9,0.001,1.0,9.805,9.372,8.929,8.323,8.522,8.361363951502955,8.474306216281265
0.02,0.03,2555.0,-2.84,4.33,13.64,0.0,1.0,9.634,9.186,8.784,8.231,8.392,8.280376235273451,8.37601546275771
0.02,0.04,2681.0,-2.68,4.38,14.94,0.0,1.0,9.251,8.782,8.41,7.907,8.013,7.978780684810259,8.056786124519192
0.02,0.05,2811.0,-2.52,4.4,16.32,0.0,1.0,8.914,8.444,8.094,7.627,7.699,7.7139563197291885,7.782812052072117
0.02,0.06,2883.0,-2.41,4.41,17.63,0.0,1.0,8.673,8.187,7.853,7.408,7.473,7.493222227430043,7.55765042040621
0.02,0.07,2940.0,-2.31,4.41,19.0,0.0,1.0,8.45,7.955,7.633,7.205,7.266,7.28778879912255,7.3493965905571255
0.02,0.072,2950.0,-2.29,4.41,19.26,0.0,1.0,8.409,7.913,7.593,7.168,7.228,7.250717626892337,7.311679315053603
0.02,0.075,2964.0,-2.27,4.41,19.6,0.0,1.0,8.354,7.857,7.54,7.12,7.178,7.1973812517922635,7.257451847560006
0.02,0.08,2986.0,-2.22,4.41,20.32,0.0,1.0,8.25,7.75,7.438,7.025,7.082,7.113293368986154,7.171994493124531
0.02,0.09,3025.0,-2.15,4.41,21.45,0.0,1.0,8.093,7.585,7.28,6.88,6.932,6.960230940556978,7.0158009442178
0.02,0.1,3059.0,-2.1,4.42,22.4,0.0,1.0,7.965,7.449,7.151,6.762,6.809,6.849068934269824,6.9015170577030585
0.02,0.2,3263.0,-1.67,4.41,32.27,0.0,0.852,6.976,6.416,6.152,5.829,5.871,5.947998015687124,5.984368074461716
0.02,0.3,3392.0,-1.42,4.4,39.62,0.0,0.0061,6.412,5.822,5.575,5.294,5.343,5.405856777919115,5.430002991704806
0.02,0.4,3500.0,-1.25,4.42,45.08,0.0,0.0,6.045,5.435,5.198,4.945,5.002,5.086711812096065,5.099551886129349
0.02,0.5,3609.0,-1.11,4.43,49.81,0.0,0.0,5.738,5.105,4.881,4.66,4.729,4.811951702486194,4.813289060869883
0.02,0.6,3733.0,-0.98,4.43,54.09,0.0,0.0,5.459,4.802,4.598,4.412,4.496,4.555861959082187,4.54625702473199
0.02,0.7,3894.0,-0.85,4.44,58.17,0.0,0.0004,5.178,4.497,4.318,4.176,4.278,4.347653642120221,4.327010895063691
0.02,0.8,4102.0,-0.69,4.43,62.75,0.0,0.0095,4.844,4.159,4.015,3.923,4.041,4.097821903949967,4.066598715785684
0.02,0.9,4406.0,-0.5,4.42,67.75,0.0,0.0894,4.46,3.831,3.718,3.661,3.772,3.855837071853909,3.818408798449397
0.02,1.0,4793.0,-0.28,4.38,74.18,0.0,0.308,4.007,3.494,3.408,3.361,3.447,3.5399683836146756,3.5016419799609495
0.02,1.1,5302.0,0.01,4.32,84.06,0.0,0.575,3.458,3.065,3.004,2.972,3.028,3.169609525664235,3.1305033604410286
0.02,1.2,5911.0,0.35,4.2,100.35,0.0,0.77,2.805,2.52,2.478,2.461,2.484,2.6496752049942076,2.609974508956272
0.02,1.3,6330.0,0.41,4.29,94.01,0.0,0.88,2.792,2.566,2.533,2.523,2.526,2.70838102095371,2.6684843658496433
0.02,1.4,6475.0,0.5,4.28,99.24,0.0,0.938,2.625,2.419,2.388,2.38,2.378,2.577129076216651,2.537236502349471
0.03,0.01,1298.0,-4.31,4.15,9.7,0.99,1.0,13.839,12.716,12.093,10.646,11.454,10.446040589635981,10.800056060529998
0.03,0.015,2139.0,-3.26,4.14,12.01,0.1635,1.0,10.643,10.136,9.62,8.886,9.197,8.887815515636174,9.033966186809305
0.03,0.02,2184.0,-3.29,4.33,11.14,0.0,1.0,10.734,10.229,9.73,9.006,9.321,9.011068402991265,9.152700039071288
0.03,0.03,2448.0,-3.05,4.46,11.71,0.0,1.0,10.103,9.67,9.256,8.662,8.895,8.68986407167394,8.80016153576869
0.03,0.04,2632.0,-2.83,4.5,12.95,0.0,1.0,9.617,9.166,8.788,8.266,8.408,8.325089237028434,8.410825480642295
0.03,0.05,2755.0,-2.68,4.53,14.05,0.0,1.0,9.296,8.819,8.464,7.984,8.078,8.06614469840772,8.137843295723101
0.03,0.06,2860.0,-2.55,4.53,15.25,0.0,1.0,9.014,8.529,8.192,7.738,7.814,7.808143895049224,7.873327648753729
0.03,0.07,2925.0,-2.45,4.54,16.33,0.0,1.0,8.798,8.302,7.977,7.543,7.611,7.622858085373601,7.684007633188889
0.03,0.072,2936.0,-2.43,4.54,16.55,0.0,1.0,8.756,8.259,7.936,7.505,7.573,7.585074309679194,7.6455103435024725
0.03,0.075,2952.0,-2.4,4.54,16.94,0.0,1.0,8.688,8.19,7.87,7.444,7.51,7.530367553921563,7.589783235742735
0.03,0.08,2977.0,-2.36,4.54,17.46,0.0,0.999,8.594,8.093,7.778,7.36,7.424,7.444265708722489,7.502127253978941
0.03,0.09,3020.0,-2.28,4.54,18.51,0.0,0.997,8.421,7.913,7.606,7.202,7.26,7.288736108567985,7.343399010566692
0.03,0.1,3056.0,-2.22,4.55,19.42,0.0,0.99,8.28,7.763,7.464,7.072,7.123,7.1760086857799,7.227505492602891
0.03,0.2,3279.0,-1.78,4.53,27.91,0.0,0.0078,7.278,6.722,6.457,6.135,6.175,6.2408823233954696,6.275496963282793
0.03,0.3,3413.0,-1.54,4.53,34.26,0.0,0.0,6.712,6.129,5.881,5.599,5.645,5.722306391244695,5.744440610313796
0.03,0.4,3508.0,-1.36,4.53,39.56,0.0,0.0,6.323,5.724,5.485,5.227,5.28,5.36051481107931,5.373068398572797
0.03,0.5,3602.0,-1.23,4.54,43.98,0.0,0.0,6.014,5.397,5.169,4.937,5.001,5.093297695056992,5.096035164655049
0.03,0.6,3739.0,-1.08,4.53,48.54,0.0,0.0,5.689,5.046,4.839,4.647,4.727,4.805267716404059,4.796080077326306
0.03,0.7,3960.0,-0.9,4.52,53.21,0.0,0.0,5.319,4.644,4.474,4.344,4.448,4.523255928607519,4.499916396339714
0.03,0.8,4320.0,-0.66,4.49,58.49,0.0,0.0054,4.84,4.189,4.069,4.005,4.12,4.182340436123282,4.145917931751754
0.03,0.9,4848.0,-0.37,4.45,64.92,0.0,0.083,4.264,3.765,3.682,3.637,3.719,3.8155285809243655,3.7771689413495197
0.03,1.0,5520.0,-0.03,4.39,73.88,0.0,0.307,3.636,3.283,3.23,3.206,3.249,3.401739347025589,3.362378967774963
0.03,1.1,5897.0,0.07,4.43,73.32,0.0,0.575,3.489,3.201,3.159,3.143,3.168,3.320046762512489,3.280180764568011
0.03,1.2,6052.0,0.19,4.4,79.48,0.0,0.77,3.257,2.991,2.952,2.939,2.955,3.1212267627427126,3.081269001476716
0.03,1.3,6335.0,0.38,4.33,90.28,0.0,0.88,2.878,2.652,2.619,2.61,2.612,2.807080910974989,2.7671563323841006
0.03,1.4,6743.0,0.56,4.28,98.19,0.0,0.938,2.563,2.39,2.364,2.358,2.353,2.5318841157156635,2.4921769383143966
0.04,0.01,1206.0,-4.47,4.18,9.4,0.985,1.0,14.065,13.057,12.628,10.983,11.741,10.658098216380246,11.145393986331797
0.04,0.015,1996.0,-3.45,4.21,11.07,0.0368,1.0,11.149,10.582,10.007,9.181,9.504,9.168929452433419,9.324549123966388
0.04,0.02,2005.0,-3.52,4.41,10.13,0.0,1.0,11.283,10.728,10.189,9.359,9.721,9.341529066578339,9.49737857837211
0.04,0.03,2366.0,-3.18,4.54,10.71,0.0,1.0,10.435,9.975,9.552,8.924,9.213,8.945678149426753,9.067262287827598
0.04,0.04,2581.0,-2.95,4.59,11.73,0.0,1.0,9.912,9.462,9.08,8.536,8.72,8.596493068744412,8.690447076457023
0.04,0.05,2699.0,-2.8,4.61,12.82,0.0,1.0,9.558,9.074,8.715,8.219,8.342,8.297641608265756,8.374579676420183
0.04,0.06,2830.0,-2.65,4.62,13.75,0.0,1.0,9.27,8.786,8.445,7.983,8.07,8.052344853614688,8.119184594619144
0.04,0.07,2904.0,-2.55,4.63,14.8,0.0,0.999,9.034,8.537,8.21,7.77,7.849,7.86115567315452,7.923556339184893
0.04,0.072,2916.0,-2.53,4.63,15.0,0.0,0.998,8.991,8.493,8.169,7.732,7.81,7.822227248928877,7.883782068117421
0.04,0.075,2933.0,-2.5,4.63,15.26,0.0,0.996,8.934,8.434,8.113,7.683,7.758,7.766424433342659,7.82683164917128
0.04,0.08,2961.0,-2.45,4.63,15.81,0.0,0.993,8.826,8.323,8.008,7.586,7.658,7.678232707268869,7.736867023823325
0.04,0.09,3007.0,-2.38,4.63,16.76,0.0,0.973,8.647,8.14,7.833,7.426,7.493,7.521006342244688,7.576634133963238
0.04,0.1,3046.0,-2.31,4.63,17.55,0.0,0.906,8.51,7.994,7.695,7.299,7.358,7.38133387527112,7.433514163288178
0.04,0.2,3280.0,-1.87,4.62,25.23,0.0,0.0,7.498,6.943,6.679,6.354,6.396,6.466620011716073,6.50080864074048
0.04,0.3,3410.0,-1.62,4.61,31.1,0.0,0.0,6.927,6.349,6.1,5.814,5.859,5.92641036592153,5.948934445971073
0.04,0.4,3509.0,-1.44,4.61,36.07,0.0,0.0,6.524,5.931,5.691,5.43,5.482,5.562064376946862,5.5748502595190494
0.04,0.5,3606.0,-1.29,4.6,40.68,0.0,0.0,6.179,5.567,5.339,5.106,5.168,5.242486417644504,5.245258904566454
0.04,0.6,3771.0,-1.12,4.59,45.42,0.0,0.0,5.809,5.167,4.963,4.776,4.858,4.942676534076328,4.931506408933014
0.04,0.7,4084.0,-0.88,4.56,50.73,0.0,0.0,5.318,4.646,4.497,4.393,4.505,4.575205617860796,4.545788763909838
0.04,0.8,4645.0,-0.57,4.52,56.52,0.0,0.005,4.691,4.133,4.038,3.989,4.084,4.169120593846772,4.130993977679643
0.04,0.9,5301.0,-0.25,4.48,62.55,0.0,0.0828,4.099,3.705,3.644,3.613,3.669,3.7867740016514517,3.747623374974945
0.04,1.0,5570.0,-0.15,4.52,63.12,0.0,0.307,3.954,3.61,3.558,3.536,3.577,3.715391173426384,3.6758823074382594
0.04,1.1,5822.0,0.02,4.47,70.57,0.0,0.575,3.604,3.302,3.259,3.242,3.27,3.4354229058507535,3.3957468382309814
0.04,1.2,6090.0,0.21,4.39,80.33,0.0,0.77,3.22,2.959,2.922,2.909,2.922,3.0892357147320686,3.0493224803545886
0.04,1.3,6413.0,0.4,4.33,90.32,0.0,0.88,2.85,2.635,2.603,2.595,2.595,2.793124744073048,2.7531567837358435
0.04,1.4,6757.0,0.56,4.29,97.46,0.0,0.938,2.575,2.403,2.377,2.372,2.366,2.554561196336638,2.5148410614588643
0.05,0.015,1760.0,-3.74,4.28,10.24,0.0041,1.0,12.42,11.41,10.588,9.54,9.888,9.535071450199172,9.690555891618951
0.05,0.02,1838.0,-3.72,4.46,9.59,0.0,1.0,12.164,11.293,10.599,9.62,9.951,9.611892263464233,9.764494390313263
0.05,0.03,2304.0,-3.28,4.59,10.08,0.0,1.0,10.61,10.186,9.767,9.111,9.446,9.11730499962415,9.248063127895009
0.05,0.04,2525.0,-3.05,4.65,10.96,0.0,1.0,10.151,9.687,9.3,8.734,8.96,8.789858801204499,8.891429545686398
0.05,0.05,2671.0,-2.88,4.67,11.95,0.0,1.0,9.752,9.274,8.912,8.404,8.552,8.470052020263743,8.550798316119426
0.05,0.06,2804.0,-2.73,4.69,12.8,0.0,0.999,9.455,8.97,8.626,8.156,8.253,8.242876862643305,8.310729063878426
0.05,0.07,2882.0,-2.63,4.69,13.7,0.0,0.992,9.224,8.727,8.399,7.953,8.04,8.025100943338984,8.088709870689144
0.05,0.072,2896.0,-2.61,4.7,13.88,0.0,0.989,9.18,8.681,8.356,7.914,7.999,8.010383289864755,8.073173920159245
0.05,0.075,2916.0,-2.57,4.69,14.2,0.0,0.982,9.109,8.609,8.286,7.851,7.934,7.927435578304641,7.988888100451353
0.05,0.08,2945.0,-2.53,4.7,14.63,0.0,0.96,9.011,8.508,8.191,7.765,7.845,7.862557697116222,7.922026940000485
0.05,0.09,2996.0,-2.45,4.69,15.53,0.0,0.862,8.823,8.316,8.009,7.598,7.673,7.677293258963046,7.733657038693797
0.05,0.1,3037.0,-2.38,4.7,16.3,0.0,0.596,8.68,8.165,7.865,7.466,7.532,7.561175813430165,7.613981797266228
0.05,0.2,3280.0,-1.94,4.69,23.29,0.0,0.0,7.673,7.12,6.855,6.529,6.572,6.642644176031088,6.676555307048487
0.05,0.3,3407.0,-1.69,4.68,28.86,0.0,0.0,7.094,6.52,6.269,5.98,6.025,6.105333471595586,6.1281054609388885
0.05,0.4,3512.0,-1.5,4.67,33.63,0.0,0.0,6.675,6.085,5.845,5.582,5.633,5.711971531412131,5.72469688150373
0.05,0.5,3617.0,-1.34,4.65,38.41,0.0,0.0,6.294,5.684,5.457,5.226,5.288,5.362979297409395,5.365056343455073
0.05,0.6,3821.0,-1.13,4.62,43.56,0.0,0.0,5.861,5.217,5.019,4.843,4.928,4.997269599140049,4.98289229408191
0.05,0.7,4270.0,-0.83,4.58,49.26,0.0,0.0,5.246,4.593,4.466,4.393,4.507,4.566848678994989,4.531834913937712
0.05,0.8,4938.0,-0.49,4.55,54.47,0.0,0.0049,4.592,4.115,4.037,3.995,4.072,4.171309360767221,4.1327312346872125
0.05,0.9,5236.0,-0.36,4.58,56.23,0.0,0.0827,4.362,3.954,3.89,3.858,3.917,4.050114167378813,4.011025989859423
0.05,1.0,5536.0,-0.17,4.53,62.8,0.0,0.307,3.98,3.63,3.577,3.554,3.597,3.7473754414169385,3.707926541139608
0.05,1.1,5833.0,0.03,4.46,71.03,0.0,0.574,3.585,3.286,3.242,3.225,3.253,3.4081554409321395,3.368447776664647
0.05,1.2,6133.0,0.23,4.39,80.67,0.0,0.77,3.194,2.94,2.904,2.891,2.903,3.0809383981274028,3.040990578952335
0.05,1.3,6435.0,0.4,4.33,89.97,0.0,0.88,2.851,2.638,2.608,2.599,2.598,2.789237596039906,2.749275457403816
0.05,1.4,6759.0,0.56,4.29,97.44,0.0,0.938,2.574,2.403,2.377,2.372,2.366,2.5542446834349213,2.51452297761349
0.06,0.015,1527.0,-4.02,4.32,9.79,0.0004,1.0,13.564,12.301,11.253,9.92,10.342,9.90239244696017,10.047028745247236
0.06,0.02,1619.0,-3.97,4.49,9.29,0.0,1.0,13.377,12.146,11.118,9.814,10.367,9.810481133012301,9.966530320339189
0.06,0.03,2187.0,-3.42,4.64,9.59,0.0,1.0,11.061,10.529,10.059,9.319,9.683,9.330895691681945,9.47262531097887
0.06,0.04,2474.0,-3.13,4.69,10.41,0.0,1.0,10.333,9.872,9.482,8.894,9.158,8.930126344300806,9.038713201284024
0.06,0.05,2645.0,-2.94,4.71,11.31,0.0,1.0,9.908,9.435,9.071,8.551,8.722,8.594011442135566,8.678752832903069
0.06,0.06,2771.0,-2.8,4.74,12.1,0.0,0.997,9.614,9.125,8.779,8.299,8.414,8.382413796066508,8.452050586901496
0.06,0.07,2864.0,-2.69,4.74,12.95,0.0,0.975,9.366,8.87,8.539,8.087,8.182,8.161447616018048,8.226017736953512
0.06,0.072,2879.0,-2.67,4.74,13.12,0.0,0.964,9.321,8.823,8.495,8.048,8.14,8.121064116709885,8.184758316466024
0.06,0.075,2900.0,-2.64,4.75,13.35,0.0,0.938,9.261,8.76,8.436,7.996,8.086,8.0880936969606,8.150571561377566
0.06,0.08,2930.0,-2.59,4.75,13.78,0.0,0.869,9.157,8.653,8.335,7.905,7.991,7.997250193177753,8.057633546576259
0.06,0.09,2984.0,-2.51,4.75,14.61,0.0,0.575,8.968,8.46,8.153,7.739,7.819,7.83402843272107,7.890970617821555
0.06,0.1,3028.0,-2.44,4.75,15.34,0.0,0.145,8.819,8.305,8.005,7.604,7.675,7.69130901985129,7.744791253320206
0.06,0.2,3279.0,-1.99,4.74,21.97,0.0,0.0,7.802,7.25,6.985,6.657,6.701,6.768955627373243,6.80273786039205
0.06,0.3,3406.0,-1.74,4.73,27.22,0.0,0.0,7.224,6.652,6.401,6.109,6.154,6.2325155730777615,6.2553669431810475
0.06,0.4,3515.0,-1.55,4.72,31.78,0.0,0.0,6.796,6.209,5.968,5.705,5.755,5.836604175297636,5.849233516014831
0.06,0.5,3633.0,-1.37,4.69,36.75,0.0,0.0,6.377,5.768,5.542,5.313,5.377,5.455812824425909,5.4566669377254975
0.06,0.6,3886.0,-1.13,4.65,42.4,0.0,0.0,5.869,5.219,5.032,4.872,4.962,5.046261570433872,5.027905547159622
0.06,0.7,4452.0,-0.78,4.6,48.04,0.0,0.0,5.173,4.56,4.451,4.394,4.501,4.564915038148928,4.527685540063472
0.06,0.8,4900.0,-0.57,4.62,50.45,0.0,0.0049,4.779,4.293,4.213,4.171,4.249,4.354965317849854,4.316483682852711
0.06,0.9,5214.0,-0.38,4.58,55.84,0.0,0.0826,4.388,3.976,3.91,3.877,3.938,4.054939358898642,4.015886539092938
0.06,1.0,5532.0,-0.17,4.52,63.04,0.0,0.307,3.974,3.623,3.57,3.547,3.59,3.7233237845750793,3.683889357301883
0.06,1.1,5848.0,0.03,4.46,71.21,0.0,0.574,3.574,3.277,3.234,3.217,3.244,3.4050009546952413,3.365247073884397
0.06,1.2,6152.0,0.23,4.39,80.76,0.0,0.77,3.185,2.933,2.897,2.885,2.896,3.077245626616919,3.037272124335068
0.06,1.3,6440.0,0.41,4.33,89.96,0.0,0.88,2.85,2.638,2.607,2.599,2.598,2.7883319679247847,2.7483757377821174
0.06,1.4,6763.0,0.56,4.29,97.49,0.0,0.938,2.572,2.401,2.375,2.37,2.365,2.553611934305791,2.513887089349613
0.07,0.015,1445.0,-4.14,4.34,9.5,0.0001,1.0,13.695,12.474,11.564,10.28,10.828,10.171695107254733,10.357725730357469
0.07,0.02,1542.0,-4.07,4.51,9.1,0.0,1.0,13.642,12.384,11.368,10.077,10.575,10.0818121350577,10.220738862856606
0.07,0.03,2121.0,-3.5,4.66,9.3,0.0,1.0,11.235,10.688,10.221,9.442,9.862,9.43640266510722,9.584744824493113
0.07,0.04,2426.0,-3.2,4.73,9.98,0.0,1.0,10.481,10.031,9.64,9.029,9.33,9.068605111934406,9.183925180588798
0.07,0.05,2616.0,-3.0,4.76,10.77,0.0,1.0,10.054,9.585,9.219,8.687,8.881,8.747900892999155,8.837589893160832
0.07,0.06,2737.0,-2.87,4.78,11.51,0.0,0.993,9.763,9.271,8.923,8.434,8.567,8.503072698064734,8.576260394348253
0.07,0.07,2845.0,-2.74,4.79,12.3,0.0,0.931,9.499,9.002,8.669,8.211,8.312,8.298035184254712,8.363467715130103
0.07,0.072,2862.0,-2.72,4.79,12.48,0.0,0.905,9.449,8.951,8.621,8.168,8.267,8.256770216315285,8.321368917513897
0.07,0.075,2884.0,-2.69,4.79,12.73,0.0,0.845,9.381,8.881,8.555,8.11,8.206,8.198096992735076,8.26141514528132
0.07,0.08,2917.0,-2.64,4.79,13.13,0.0,0.685,9.276,8.772,8.453,8.018,8.11,8.105889790814844,8.167102433650468
0.07,0.09,2973.0,-2.56,4.79,13.89,0.0,0.2,9.091,8.582,8.274,7.857,7.942,7.9404480258994905,7.997962473031336
0.07,0.1,3019.0,-2.49,4.8,14.58,0.0,0.0034,8.937,8.423,8.122,7.719,7.796,7.8214666106742285,7.875631961365186
0.07,0.2,3277.0,-2.04,4.79,20.84,0.0,0.0,7.919,7.369,7.103,6.774,6.818,6.895848989040045,6.929571705477438
0.07,0.3,3406.0,-1.79,4.78,25.82,0.0,0.0,7.341,6.772,6.52,6.226,6.27,6.359151040764905,6.38199551815922
0.07,0.4,3518.0,-1.58,4.76,30.54,0.0,0.0,6.88,6.295,6.054,5.79,5.84,5.935962587108755,5.948460559711237
0.07,0.5,3649.0,-1.39,4.72,35.66,0.0,0.0,6.428,5.819,5.595,5.37,5.434,5.52349796393621,5.523079324301089
0.07,0.6,3966.0,-1.11,4.66,41.59,0.0,0.0,5.847,5.192,5.018,4.878,4.976,5.04040559364578,5.01781370607808
0.07,0.7,4555.0,-0.77,4.63,46.42,0.0,0.0,5.176,4.593,4.491,4.439,4.54,4.6121511473852,4.5743490488766865
0.07,0.8,4835.0,-0.61,4.64,49.34,0.0,0.0048,4.865,4.362,4.278,4.234,4.317,4.420244288165239,4.381712397425607
0.07,0.9,5213.0,-0.37,4.58,55.99,0.0,0.0825,4.383,3.971,3.905,3.872,3.933,4.0551600766753575,4.016108745834522
0.07,1.0,5532.0,-0.17,4.52,63.16,0.0,0.307,3.97,3.619,3.566,3.543,3.585,3.7233237845750793,3.683889357301883
0.07,1.1,5858.0,0.04,4.46,71.32,0.0,0.574,3.566,3.271,3.228,3.211,3.238,3.4029030440644883,3.3631185020028784
0.07,1.2,6159.0,0.23,4.39,80.8,0.0,0.77,3.181,2.931,2.895,2.883,2.893,3.075888291655884,3.035905371238549
0.07,1.3,6448.0,0.41,4.33,89.99,0.0,0.88,2.846,2.636,2.605,2.597,2.595,2.786884532334684,2.7469377353820152
0.07,1.4,6765.0,0.56,4.29,97.53,0.0,0.938,2.571,2.4,2.374,2.369,2.364,2.553295697970925,2.51356928482205
0.08,0.015,1372.0,-4.26,4.37,9.27,0.0,1.0,13.796,12.63,11.88,10.577,11.28,10.460048393775253,10.721337941175175
0.08,0.02,1489.0,-4.14,4.52,8.96,0.0,1.0,13.76,12.518,11.554,10.297,10.781,10.307584932356713,10.440669730501691
0.08,0.03,2047.0,-3.58,4.69,9.04,0.0,1.0,11.46,10.874,10.405,9.575,10.016,9.57204229292772,9.726653707379622
0.08,0.04,2387.0,-3.26,4.75,9.66,0.0,1.0,10.611,10.155,9.763,9.134,9.466,9.146622755535503,9.268912461575479
0.08,0.05,2586.0,-3.06,4.79,10.37,0.0,0.999,10.179,9.71,9.342,8.799,9.016,8.84960105895943,8.943974341055963
0.08,0.06,2709.0,-2.92,4.81,11.06,0.0,0.985,9.883,9.39,9.041,8.542,8.694,8.601472990173274,8.679273634967458
0.08,0.07,2829.0,-2.78,4.82,11.84,0.0,0.864,9.6,9.102,8.767,8.304,8.411,8.382524688054918,8.44856572929268
0.08,0.072,2845.0,-2.76,4.82,11.98,0.0,0.801,9.557,9.057,8.725,8.268,8.372,8.341954044269146,8.407249044981116
0.08,0.075,2869.0,-2.73,4.82,12.21,0.0,0.68,9.489,8.988,8.661,8.211,8.312,8.28261989220535,8.346753995212495
0.08,0.08,2905.0,-2.69,4.83,12.58,0.0,0.407,9.384,8.88,8.559,8.121,8.217,8.213902057317803,8.275887332124185
0.08,0.09,2962.0,-2.6,4.83,13.3,0.0,0.0197,9.197,8.688,8.379,7.959,8.048,8.047033926422213,8.10514296391059
0.08,0.1,3010.0,-2.54,4.84,13.92,0.0,0.0,9.044,8.531,8.23,7.825,7.908,7.926784923089071,7.981663071911211
0.08,0.2,3275.0,-2.08,4.82,19.98,0.0,0.0,8.013,7.464,7.198,6.867,6.912,6.972451562825393,7.006194311702531
0.08,0.3,3406.0,-1.82,4.81,24.88,0.0,0.0,7.422,6.854,6.602,6.306,6.35,6.435133505184128,6.457973836990264
0.08,0.4,3522.0,-1.61,4.78,29.51,0.0,0.0,6.951,6.367,6.127,5.863,5.912,5.984194423885034,5.996399794041183
0.08,0.5,3668.0,-1.4,4.74,34.8,0.0,0.0,6.465,5.856,5.634,5.412,5.478,5.564280755310342,5.562286201260092
0.08,0.6,4039.0,-1.09,4.68,40.92,0.0,0.0,5.823,5.166,5.004,4.882,4.985,5.061811763045587,5.035562574425185
0.08,0.7,4497.0,-0.83,4.67,44.58,0.0,0.0,5.303,4.704,4.598,4.543,4.646,4.727281996255861,4.689746153596925
0.08,0.8,4830.0,-0.61,4.64,49.44,0.0,0.0048,4.864,4.36,4.275,4.231,4.314,4.421439537891651,4.382905519661905
0.08,0.9,5212.0,-0.37,4.58,56.04,0.0,0.0825,4.382,3.969,3.903,3.87,3.931,4.055380839330602,4.016330998062242
0.08,1.0,5533.0,-0.17,4.52,63.21,0.0,0.307,3.968,3.617,3.564,3.541,3.583,3.7231142874066316,3.6836778871701235
0.08,1.1,5876.0,0.05,4.46,71.48,0.0,0.574,3.553,3.262,3.219,3.203,3.228,3.3991369900404207,3.3592975571642185
0.08,1.2,6164.0,0.24,4.39,80.81,0.0,0.77,3.179,2.929,2.893,2.882,2.891,3.0749198045362665,3.034930171324574
0.08,1.3,6451.0,0.41,4.33,90.02,0.0,0.88,2.845,2.634,2.604,2.595,2.594,2.786342241084709,2.746398975122561
0.08,1.4,6766.0,0.56,4.29,97.57,0.0,0.938,2.569,2.399,2.373,2.368,2.362,2.553137614337434,2.513410417435529
0.09,0.015,1304.0,-4.36,4.38,9.11,0.0,1.0,13.953,12.815,12.186,10.783,11.573,10.577311782247168,10.93498060663633
0.09,0.02,1447.0,-4.2,4.53,8.85,0.0,1.0,13.794,12.588,11.721,10.458,11.045,10.413810119347872,10.592397804187353
0.09,0.03,1978.0,-3.66,4.71,8.84,0.0,1.0,11.769,11.094,10.562,9.675,10.129,9.659651260018858,9.81392633299308
0.09,0.04,2351.0,-3.31,4.78,9.4,0.0,1.0,10.733,10.252,9.864,9.218,9.583,9.239275496649402,9.36775629061971
0.09,0.05,2554.0,-3.11,4.82,10.03,0.0,0.999,10.298,9.825,9.456,8.899,9.141,8.948708268935343,9.04754174494643
0.09,0.06,2688.0,-2.96,4.84,10.69,0.0,0.972,9.985,9.495,9.144,8.638,8.805,8.693472629634241,8.774388079660056
0.09,0.07,2812.0,-2.83,4.85,11.41,0.0,0.746,9.7,9.201,8.863,8.395,8.507,8.467730509315635,8.534439097963524
0.09,0.072,2829.0,-2.81,4.85,11.55,0.0,0.643,9.654,9.154,8.82,8.357,8.467,8.426439203738683,8.492341150529176
0.09,0.075,2854.0,-2.78,4.86,11.77,0.0,0.455,9.586,9.085,8.755,8.301,8.407,8.391399663207483,8.456099313526607
0.09,0.08,2892.0,-2.73,4.86,12.12,0.0,0.152,9.48,8.975,8.653,8.211,8.312,8.297297546228977,8.360036896106633
0.09,0.09,2952.0,-2.64,4.86,12.8,0.0,0.0002,9.29,8.781,8.471,8.048,8.142,8.12854394100038,8.187262915676929
0.09,0.1,3002.0,-2.57,4.87,13.44,0.0,0.0,9.126,8.614,8.313,7.906,7.993,8.00661023396767,8.062141007908366
0.09,0.2,3273.0,-2.11,4.86,19.16,0.0,0.0,8.107,7.559,7.292,6.959,7.005,7.074203760811586,7.107926672501375
0.09,0.3,3407.0,-1.85,4.84,23.98,0.0,0.0,7.502,6.936,6.683,6.387,6.43,6.510565112916723,6.533314635216067
0.09,0.4,3525.0,-1.63,4.81,28.67,0.0,0.0,7.01,6.428,6.188,5.924,5.973,6.058280578322569,6.070319958216446
0.09,0.5,3689.0,-1.41,4.76,34.11,0.0,0.0,6.491,5.88,5.661,5.444,5.511,5.604011089717391,5.6003013254571075
0.09,0.6,4089.0,-1.08,4.69,40.22,0.0,0.0,5.819,5.164,5.009,4.898,5.003,5.067184884259278,5.038421974109717
0.09,0.7,4422.0,-0.87,4.69,43.75,0.0,0.0,5.395,4.778,4.665,4.605,4.712,4.797489366030698,4.760675954601256
0.09,0.8,4828.0,-0.61,4.64,49.52,0.0,0.0047,4.862,4.357,4.272,4.228,4.311,4.421918006452364,4.383383135914875
0.09,0.9,5210.0,-0.37,4.58,56.13,0.0,0.0823,4.379,3.966,3.9,3.867,3.928,4.0558224993497,4.016775639050599
0.09,1.0,5536.0,-0.16,4.52,63.28,0.0,0.307,3.964,3.613,3.561,3.538,3.58,3.7224860383320735,3.6830437237923253
0.09,1.1,5882.0,0.05,4.46,71.52,0.0,0.574,3.55,3.259,3.216,3.2,3.226,3.3978845360436254,3.358026891219599
0.09,1.2,6167.0,0.24,4.39,80.84,0.0,0.77,3.177,2.928,2.892,2.88,2.89,3.074339126665336,3.0343454715396394
0.09,1.3,6453.0,0.41,4.33,90.06,0.0,0.88,2.843,2.633,2.602,2.594,2.593,2.7859808640026844,2.746039950082154
0.09,1.4,6768.0,0.56,4.29,97.63,0.0,0.938,2.568,2.397,2.371,2.366,2.361,2.5528215161048253,2.5130927523829962
0.1,0.015,1256.0,-4.44,4.39,8.99,0.0,1.0,14.088,12.998,12.463,10.955,11.722,10.665710669815663,11.095664405591625
0.1,0.02,1404.0,-4.27,4.54,8.75,0.0,1.0,13.829,12.658,11.891,10.619,11.311,10.528796317916482,10.76451939611446
0.1,0.03,1912.0,-3.74,4.72,8.68,0.0,1.0,11.983,11.239,10.695,9.765,10.236,9.743861315139018,9.899094654947065
0.1,0.04,2311.0,-3.36,4.8,9.14,0.0,1.0,10.844,10.381,9.986,9.318,9.69,9.326570524784241,9.457586388627071
0.1,0.05,2525.0,-3.15,4.84,9.76,0.0,0.999,10.401,9.925,9.555,8.986,9.251,9.021165648888235,9.12413243922976
0.1,0.06,2670.0,-3.0,4.87,10.38,0.0,0.953,10.073,9.585,9.233,8.719,8.901,8.782654096980009,8.865996653603737
0.1,0.07,2794.0,-2.87,4.88,11.05,0.0,0.587,9.792,9.292,8.952,8.478,8.598,8.552480340977816,8.619997649186615
0.1,0.072,2813.0,-2.84,4.88,11.19,0.0,0.447,9.742,9.241,8.904,8.436,8.551,8.51100795786106,8.57752794477736
0.1,0.075,2839.0,-2.81,4.88,11.39,0.0,0.233,9.674,9.172,8.84,8.38,8.492,8.45037283615852,8.515670033906881
0.1,0.08,2879.0,-2.76,4.89,11.72,0.0,0.0284,9.566,9.061,8.738,8.291,8.397,8.380470342779681,8.443900437775168
0.1,0.09,2942.0,-2.68,4.89,12.37,0.0,0.0,9.376,8.867,8.556,8.13,8.228,8.210093224842673,8.269429866454349
0.1,0.1,2993.0,-2.61,4.9,12.96,0.0,0.0,9.213,8.701,8.399,7.99,8.081,8.08689706424323,8.142953132708472
0.1,0.2,3272.0,-2.14,4.89,18.57,0.0,0.0,8.177,7.629,7.363,7.029,7.075,7.150294399768978,7.18393757318128
0.1,0.3,3409.0,-1.87,4.86,23.36,0.0,0.0,7.559,6.994,6.741,6.444,6.487,6.560117525756253,6.582691095074203
0.1,0.4,3529.0,-1.65,4.83,27.99,0.0,0.0,7.059,6.477,6.238,5.974,6.023,6.106516773921767,6.1182651392768825
0.1,0.5,3705.0,-1.41,4.77,33.66,0.0,0.0,6.507,5.895,5.677,5.464,5.533,5.621522500023812,5.6165456537108795
0.1,0.6,4100.0,-1.09,4.71,39.56,0.0,0.0,5.846,5.193,5.04,4.929,5.034,5.113128251436997,5.0839487512823105
0.1,0.7,4402.0,-0.88,4.69,43.77,0.0,0.0,5.407,4.786,4.671,4.609,4.717,4.802999094850699,4.766261453535497
0.1,0.8,4826.0,-0.61,4.64,49.57,0.0,0.0047,4.861,4.355,4.27,4.227,4.31,4.422412737217066,4.383880937651982
0.1,0.9,5209.0,-0.37,4.58,56.17,0.0,0.0823,4.378,3.965,3.899,3.866,3.927,4.056043396750097,4.016998027848525
0.1,1.0,5541.0,-0.16,4.52,63.34,0.0,0.307,3.96,3.61,3.558,3.535,3.577,3.7214397637094034,3.6819876072599342
0.1,1.1,5886.0,0.05,4.45,71.57,0.0,0.574,3.547,3.256,3.214,3.198,3.223,3.372101400023097,3.332234065668249
0.1,1.2,6170.0,0.24,4.39,80.89,0.0,0.77,3.175,2.926,2.89,2.879,2.888,3.0737587591889186,3.033761086462676
0.1,1.3,6453.0,0.41,4.33,90.06,0.0,0.88,2.843,2.633,2.602,2.594,2.593,2.7859808640026844,2.746039950082154
0.1,1.4,6766.0,0.56,4.29,97.7,0.0,0.938,2.567,2.396,2.37,2.365,2.36,2.553137614337434,2.513410417435529
0.12,0.02,1304.0,-4.41,4.56,8.58,0.0,1.0,14.042,12.921,12.336,10.937,11.734,10.713927858699028,11.097258517043402
0.12,0.03,1779.0,-3.88,4.75,8.44,0.0,1.0,12.768,11.76,10.963,9.892,10.373,9.90117445536301,10.04789878476019
0.12,0.04,2225.0,-3.46,4.84,8.79,0.0,1.0,11.17,10.625,10.198,9.47,9.859,9.486857222985767,9.625725248748086
0.12,0.05,2471.0,-3.23,4.88,9.31,0.0,0.997,10.578,10.103,9.731,9.137,9.444,9.163767245343795,9.27418651211415
0.12,0.06,2635.0,-3.06,4.91,9.89,0.0,0.901,10.223,9.737,9.383,8.856,9.065,8.909840447318023,8.997865413042085
0.12,0.07,2757.0,-2.94,4.93,10.47,0.0,0.244,9.954,9.454,9.112,8.626,8.77,8.702269419763613,8.77420070280966
0.12,0.072,2780.0,-2.91,4.93,10.59,0.0,0.111,9.902,9.4,9.06,8.581,8.714,8.65410805450724,8.722729273218109
0.12,0.075,2810.0,-2.88,4.93,10.78,0.0,0.0171,9.829,9.324,8.988,8.519,8.64,8.592743647222152,8.659172492109512
0.12,0.08,2853.0,-2.83,4.94,11.08,0.0,0.0001,9.718,9.211,8.884,8.429,8.544,8.52063354907045,8.585015466398417
0.12,0.09,2924.0,-2.74,4.94,11.69,0.0,0.0,9.519,9.01,8.696,8.265,8.369,8.347013516294265,8.407488647637383
0.12,0.1,2978.0,-2.67,4.95,12.25,0.0,0.0,9.353,8.84,8.537,8.123,8.221,8.22104121398015,8.277921275204532
0.12,0.2,3270.0,-2.19,4.93,17.62,0.0,0.0,8.293,7.747,7.48,7.144,7.191,7.252161522898605,7.285734853283304
0.12,0.3,3411.0,-1.91,4.9,22.28,0.0,0.0,7.661,7.097,6.844,6.546,6.589,6.6603253137858225,6.6827200709197285
0.12,0.4,3536.0,-1.68,4.86,26.97,0.0,0.0,7.134,6.554,6.315,6.052,6.101,6.1783007893250375,6.1895249235896355
0.12,0.5,3727.0,-1.42,4.78,33.02,0.0,0.0,6.532,5.919,5.704,5.495,5.565,5.637308050600463,5.630746663805932
0.12,0.6,4030.0,-1.15,4.73,38.33,0.0,0.0,5.972,5.323,5.157,5.029,5.128,5.190761483768656,5.165250374451035
0.12,0.7,4400.0,-0.88,4.68,43.93,0.0,0.0,5.4,4.778,4.664,4.602,4.71,4.778623438656867,4.7418592274327125
0.12,0.8,4825.0,-0.61,4.63,49.66,0.0,0.0046,4.858,4.352,4.267,4.223,4.306,4.397715649572912,4.3591931579816094
0.12,0.9,5208.0,-0.37,4.58,56.22,0.0,0.0822,4.376,3.963,3.897,3.864,3.925,4.056264339102104,4.017220462207158
0.12,1.0,5547.0,-0.16,4.52,63.41,0.0,0.307,3.955,3.606,3.554,3.531,3.573,3.720185563596838,3.6807216219704184
0.12,1.1,5889.0,0.05,4.45,71.63,0.0,0.574,3.543,3.254,3.211,3.195,3.22,3.371476165409061,3.3315997531424846
0.12,1.2,6172.0,0.24,4.39,80.96,0.0,0.77,3.172,2.924,2.888,2.876,2.886,3.0733720198155643,3.0333716710818983
0.12,1.3,6455.0,0.41,4.33,90.19,0.0,0.88,2.839,2.629,2.599,2.59,2.589,2.7856196071616024,2.7456810437228505
0.12,1.4,6767.0,0.56,4.29,97.82,0.0,0.938,2.564,2.393,2.368,2.362,2.357,2.5529795537176336,2.5132515732914444
0.15,0.03,1604.0,-4.09,4.77,8.21,0.0,1.0,13.756,12.51,11.483,10.147,10.723,10.12647513504215,10.277326954831853
0.15,0.04,2112.0,-3.59,4.88,8.4,0.0,1.0,11.463,10.908,10.484,9.677,10.174,9.689540874315181,9.838640490217564
0.15,0.05,2393.0,-3.33,4.93,8.81,0.0,0.994,10.811,10.335,9.963,9.329,9.698,9.349905177892515,9.472130716727893
0.15,0.06,2578.0,-3.16,4.96,9.3,0.0,0.763,10.434,9.948,9.592,9.043,9.296,9.081932553958573,9.178270183577386
0.15,0.07,2710.0,-3.02,4.98,9.82,0.0,0.0137,10.152,9.654,9.311,8.809,8.985,8.866511484127662,8.946190576540477
0.15,0.072,2734.0,-3.0,4.99,9.93,0.0,0.0011,10.101,9.599,9.258,8.763,8.928,8.842399325899985,8.91845905333078
0.15,0.075,2766.0,-2.97,4.99,10.07,0.0,0.0,10.032,9.527,9.188,8.704,8.851,8.773237399527652,8.844526442736335
0.15,0.08,2816.0,-2.91,5.0,10.35,0.0,0.0,9.912,9.402,9.069,8.602,8.728,8.692710163595699,8.75852712839302
0.15,0.09,2896.0,-2.82,5.0,10.89,0.0,0.0,9.706,9.195,8.879,8.439,8.553,8.515571368283778,8.577788905377062
0.15,0.1,2958.0,-2.74,5.0,11.46,0.0,0.0,9.52,9.007,8.702,8.282,8.387,8.35903697839812,8.417131614848858
0.15,0.2,3268.0,-2.24,4.98,16.65,0.0,0.0,8.419,7.874,7.606,7.269,7.317,7.379201901987785,7.412655034994532
0.15,0.3,3413.0,-1.95,4.94,21.32,0.0,0.0,7.756,7.194,6.941,6.642,6.685,6.760533141589445,6.782749047538573
0.15,0.4,3540.0,-1.71,4.89,26.21,0.0,0.0,7.193,6.614,6.375,6.112,6.161,6.251817036252865,6.262787703672354
0.15,0.5,3730.0,-1.43,4.8,32.27,0.0,0.0,6.579,5.968,5.753,5.543,5.613,5.68634318906048,5.6796898340242175
0.15,0.6,3987.0,-1.17,4.74,38.22,0.0,0.0,6.014,5.367,5.193,5.054,5.15,5.232674383179696,5.20938711896486
0.15,0.7,4394.0,-0.88,4.68,44.06,0.0,0.0,5.399,4.776,4.66,4.598,4.706,4.780281616761962,4.743588989588796
0.15,0.8,4825.0,-0.61,4.63,49.8,0.0,0.0044,4.852,4.346,4.261,4.217,4.3,4.397715649572912,4.3591931579816094
0.15,0.9,5207.0,-0.37,4.58,56.31,0.0,0.082,4.374,3.96,3.894,3.861,3.922,4.0564853264240215,4.017442942145172
0.15,1.0,5561.0,-0.15,4.52,63.54,0.0,0.307,3.944,3.598,3.546,3.523,3.565,3.7172647186376455,3.6777733842987272
0.15,1.1,5892.0,0.05,4.45,71.68,0.0,0.574,3.541,3.251,3.209,3.193,3.218,3.3708757244269645,3.3309956540153145
0.15,1.2,6174.0,0.24,4.38,81.04,0.0,0.77,3.169,2.921,2.885,2.874,2.883,3.0480651442850086,3.008066540684515
0.15,1.3,6456.0,0.41,4.33,90.3,0.0,0.88,2.836,2.627,2.596,2.588,2.586,2.7854390238064153,2.7455016350240986
0.15,1.4,6767.0,0.57,4.29,98.12,0.0,0.938,2.557,2.386,2.361,2.355,2.35,2.5529795537176336,2.5132515732914444
0.2,0.03,1480.0,-4.25,4.79,8.0,0.0,1.0,13.905,12.72,11.862,10.653,11.307,10.6003766866599,10.774712293970515
0.2,0.04,1940.0,-3.78,4.92,7.98,0.0,1.0,12.138,11.379,10.862,9.922,10.478,9.895125906463193,10.047781006207808
0.2,0.05,2268.0,-3.48,4.99,8.24,0.0,0.986,11.213,10.678,10.283,9.572,9.983,9.586974561441371,9.721055837308773
0.2,0.06,2488.0,-3.28,5.03,8.65,0.0,0.466,10.711,10.226,9.87,9.28,9.609,9.326136415106953,9.435128168231431
0.2,0.07,2639.0,-3.14,5.05,9.08,0.0,0.0,10.407,9.913,9.569,9.041,9.271,9.093858903911778,9.182492471955992
0.2,0.072,2664.0,-3.11,5.06,9.17,0.0,0.0,10.354,9.859,9.518,8.999,9.214,9.07013393341273,9.155728700236196
0.2,0.075,2698.0,-3.08,5.06,9.28,0.0,0.0,10.283,9.788,9.45,8.942,9.138,9.001464857181492,9.083094016054764
0.2,0.08,2756.0,-3.02,5.07,9.52,0.0,0.0,10.16,9.656,9.322,8.834,8.998,8.911719707612962,8.984989384755632
0.2,0.09,2853.0,-2.91,5.07,10.05,0.0,0.0,9.93,9.418,9.097,8.641,8.772,8.717130275854185,8.781612700358428
0.2,0.1,2926.0,-2.83,5.07,10.57,0.0,0.0,9.734,9.22,8.912,8.481,8.6,8.555447703566605,8.615568727866751
0.2,0.2,3264.0,-2.28,5.03,15.82,0.0,0.0,8.534,7.99,7.722,7.382,7.432,7.5071720776669455,7.540541954826682
0.2,0.3,3414.0,-1.98,4.97,20.65,0.0,0.0,7.825,7.264,7.011,6.711,6.754,6.835964908248505,6.858089775202173
0.2,0.4,3537.0,-1.73,4.91,25.6,0.0,0.0,7.247,6.669,6.43,6.166,6.214,6.304087551246199,6.315396244091752
0.2,0.5,3701.0,-1.46,4.82,31.77,0.0,0.0,6.634,6.028,5.809,5.592,5.659,5.749009570960457,5.744669018928588
0.2,0.6,3981.0,-1.17,4.73,38.39,0.0,0.0,6.009,5.361,5.187,5.047,5.143,5.2100120822166085,5.187004956287874
0.2,0.7,4390.0,-0.88,4.68,44.18,0.0,0.0,5.395,4.771,4.656,4.593,4.701,4.781388477412767,4.744743697261822
0.2,0.8,4824.0,-0.61,4.63,49.89,0.0,0.0043,4.849,4.342,4.257,4.213,4.297,4.3979631685717555,4.359442216084134
0.2,0.9,5207.0,-0.37,4.57,56.42,0.0,0.0817,4.37,3.956,3.89,3.857,3.918,4.03156876178733,3.992531188622048
0.2,1.0,5567.0,-0.15,4.52,63.64,0.0,0.307,3.938,3.593,3.541,3.519,3.56,3.7160153293448674,3.676512300487511
0.2,1.1,5895.0,0.06,4.45,71.81,0.0,0.574,3.536,3.247,3.205,3.189,3.214,3.3702878256715807,3.330406804348891
0.2,1.2,6177.0,0.24,4.38,81.24,0.0,0.77,3.163,2.915,2.879,2.868,2.877,3.047494321869515,3.0074929239098753
0.2,1.3,6456.0,0.42,4.32,90.59,0.0,0.88,2.829,2.62,2.589,2.581,2.579,2.7605547939924904,2.7206219290886864
0.2,1.4,6766.0,0.57,4.28,98.57,0.0,0.938,2.547,2.377,2.351,2.346,2.34,2.5282319473049992,2.4885080104725463
0.3,0.03,1320.0,-4.48,4.82,7.72,0.0,1.0,14.099,13.061,12.614,11.197,12.042,10.886567248249392,11.326005269656417
0.3,0.04,1667.0,-4.09,4.97,7.57,0.0,1.0,13.65,12.453,11.466,10.206,10.836,10.14921598209641,10.301804138524487
0.3,0.07,2519.0,-3.31,5.14,8.2,0.0,0.0,10.784,10.291,9.95,9.367,9.709,9.408598934842622,9.513053952835408
0.3,0.072,2552.0,-3.28,5.14,8.28,0.0,0.0,10.721,10.225,9.885,9.317,9.632,9.352758498086457,9.452584908404733
0.3,0.075,2594.0,-3.24,5.15,8.38,0.0,0.0,10.637,10.139,9.801,9.252,9.531,9.301684709380533,9.395857402582987
0.3,0.08,2660.0,-3.17,5.16,8.59,0.0,0.0,10.492,9.999,9.666,9.143,9.378,9.20808598563804,9.293990677219048
0.3,0.09,2782.0,-3.04,5.16,9.08,0.0,0.0,10.231,9.72,9.395,8.915,9.079,8.989396037636581,9.059393554012757
0.3,0.1,2874.0,-2.94,5.16,9.58,0.0,0.0,10.008,9.493,9.18,8.731,8.87,8.815017953407313,8.878822342477859
0.3,0.2,3261.0,-2.32,5.05,15.31,0.0,0.0,8.61,8.065,7.796,7.456,7.507,7.559128525475867,7.592531581038823
0.3,0.3,3415.0,-1.99,4.98,20.36,0.0,0.0,7.855,7.295,7.042,6.742,6.784,6.860741009182351,6.88277802493078
0.3,0.4,3528.0,-1.73,4.91,25.53,0.0,0.0,7.261,6.685,6.444,6.177,6.225,6.30928309399668,6.32140314668254
0.3,0.5,3689.0,-1.46,4.81,31.94,0.0,0.0,6.633,6.028,5.807,5.588,5.653,5.729790333009825,5.726416278159382
0.3,0.6,3971.0,-1.17,4.73,38.56,0.0,0.0,6.007,5.361,5.185,5.042,5.137,5.21407417854367,5.191639291177259
0.3,0.7,4388.0,-0.88,4.67,44.33,0.0,0.0,5.39,4.765,4.649,4.586,4.695,4.757014385856445,4.720359273844331
0.3,0.8,4822.0,-0.61,4.63,50.01,0.0,0.004,4.844,4.338,4.253,4.209,4.292,4.398458375917049,4.3599405037497965
0.3,0.9,5209.0,-0.37,4.57,56.57,0.0,0.0812,4.363,3.949,3.883,3.85,3.911,4.031126798158128,3.9920862381695925
0.3,1.0,5572.0,-0.14,4.51,63.79,0.0,0.307,3.93,3.586,3.535,3.513,3.554,3.6900851143618536,3.6505788948499633
0.3,1.1,5898.0,0.06,4.45,72.07,0.0,0.574,3.527,3.238,3.196,3.18,3.205,3.3697002450762694,3.3298182738723234
0.3,1.2,6179.0,0.25,4.38,81.62,0.0,0.77,3.152,2.905,2.869,2.857,2.866,3.0471257557563813,3.007124117131941
0.3,1.3,6456.0,0.42,4.32,91.16,0.0,0.88,2.816,2.606,2.575,2.567,2.566,2.7605547939924904,2.7206219290886864
0.3,1.4,6761.0,0.58,4.27,99.43,0.0,0.938,2.53,2.359,2.333,2.328,2.322,2.5041170743649017,2.4644003246894237
0.4,0.04,1495.0,-4.31,4.99,7.37,0.0,1.0,13.998,12.843,12.018,10.856,11.589,10.826927671871191,11.002241463603111
0.4,0.05,1836.0,-3.96,5.1,7.29,0.0,0.957,12.73,11.837,11.207,10.175,10.818,10.200784940261904,10.349444613632247
0.4,0.07,2419.0,-3.43,5.2,7.69,0.0,0.0,11.066,10.572,10.239,9.597,10.052,9.637222538386856,9.754670076879325
0.4,0.072,2457.0,-3.4,5.2,7.76,0.0,0.0,10.99,10.494,10.161,9.541,9.961,9.575745272325298,9.688024901848625
0.4,0.075,2508.0,-3.35,5.21,7.86,0.0,0.0,10.89,10.393,10.06,9.468,9.84,9.516052958648563,9.621812187445377
0.4,0.08,2594.0,-3.27,5.21,8.09,0.0,0.0,10.715,10.213,9.881,9.329,9.62,9.38128193783865,9.47534707700385
0.4,0.09,2726.0,-3.13,5.21,8.55,0.0,0.0,10.412,9.918,9.594,9.094,9.297,9.156875064674622,9.234891729268831
0.4,0.1,2844.0,-3.0,5.2,9.15,0.0,0.0,10.142,9.626,9.311,8.852,9.002,8.933976914197844,8.99956640236956
0.4,0.2,3260.0,-2.32,5.06,15.22,0.0,0.0,8.623,8.078,7.809,7.469,7.52,7.5848084805563465,7.618195461122568
0.4,0.3,3415.0,-1.99,4.98,20.34,0.0,0.0,7.858,7.298,7.044,6.744,6.786,6.860741009182351,6.88277802493078
0.4,0.4,3526.0,-1.73,4.91,25.66,0.0,0.0,7.252,6.676,6.435,6.168,6.215,6.310441043180823,6.322742539177103
0.4,0.5,3685.0,-1.46,4.81,32.03,0.0,0.0,6.63,6.025,5.804,5.584,5.649,5.731799886272205,5.72877644675699
0.4,0.6,3969.0,-1.17,4.73,38.64,0.0,0.0,6.005,5.358,5.182,5.038,5.133,5.214888424715051,5.192568536624588
0.4,0.7,4387.0,-0.87,4.67,44.41,0.0,0.0,5.386,4.762,4.645,4.583,4.691,4.757291437110619,4.720648306596516
0.4,0.8,4821.0,-0.61,4.63,50.1,0.0,0.0036,4.841,4.334,4.249,4.205,4.288,4.398706064315009,4.360189733365408
0.4,0.9,5210.0,-0.36,4.57,56.68,0.0,0.0807,4.358,3.945,3.879,3.846,3.907,4.030905883790453,3.991863831304871
0.4,1.0,5574.0,-0.14,4.51,63.94,0.0,0.307,3.925,3.581,3.53,3.507,3.548,3.6896693268655234,3.6501592197490274
0.4,1.1,5901.0,0.06,4.44,72.4,0.0,0.574,3.515,3.228,3.186,3.169,3.194,3.344198133217216,3.3043221103914897
0.4,1.2,6181.0,0.25,4.37,82.12,0.0,0.77,3.138,2.891,2.855,2.844,2.853,3.0218546695028166,2.981859635108353
0.4,1.3,6453.0,0.43,4.31,91.73,0.0,0.88,2.803,2.593,2.563,2.554,2.553,2.736212532318837,2.696280670875348
0.4,1.4,6750.0,0.58,4.27,100.33,0.0,0.938,2.514,2.342,2.316,2.31,2.305,2.505858833381798,2.466150742253989
0.5,0.04,1388.0,-4.45,5.01,7.24,0.0,1.0,14.115,13.02,12.417,11.151,12.053,10.9554305941347,11.311940057915123
0.5,0.05,1698.0,-4.12,5.12,7.1,0.0,0.947,13.582,12.445,11.517,10.323,10.965,10.32726106332287,10.469267022344864
0.5,0.075,2435.0,-3.44,5.25,7.51,0.0,0.0,11.091,10.594,10.269,9.632,10.093,9.673588433884255,9.788601933096327
0.5,0.08,2539.0,-3.34,5.25,7.76,0.0,0.0,10.875,10.375,10.046,9.466,9.82,9.522355108450144,9.623716978902358
0.5,0.09,2696.0,-3.18,5.24,8.29,0.0,0.0,10.506,10.022,9.699,9.187,9.412,9.25322388360279,9.334706017467415
0.5,0.1,2828.0,-3.03,5.22,8.93,0.0,0.0,10.213,9.696,9.38,8.915,9.072,8.994054073000337,9.060500033792332
0.5,0.2,3260.0,-2.32,5.06,15.21,0.0,0.0,8.624,8.079,7.811,7.47,7.522,7.5848084805563465,7.618195461122568
0.5,0.3,3415.0,-1.99,4.98,20.34,0.0,0.0,7.857,7.297,7.044,6.744,6.786,6.860741009182351,6.88277802493078
0.5,0.4,3524.0,-1.73,4.9,25.77,0.0,0.0,7.244,6.669,6.428,6.159,6.207,6.2863257805194745,6.2987737081639565
0.5,0.5,3682.0,-1.46,4.81,32.09,0.0,0.0,6.628,6.023,5.802,5.581,5.646,5.733309495856519,5.730549946222593
0.5,0.6,3968.0,-1.17,4.73,38.7,0.0,0.0,6.002,5.355,5.179,5.035,5.13,5.21529577690628,5.193033457759856
0.5,0.7,4386.0,-0.87,4.67,44.47,0.0,0.0,5.384,4.759,4.643,4.58,4.688,4.757568559079013,4.720937416312311
0.5,0.8,4821.0,-0.6,4.62,50.18,0.0,0.0033,4.838,4.331,4.246,4.202,4.285,4.3737615801796235,4.335253028966732
0.5,0.9,5211.0,-0.36,4.57,56.81,0.0,0.0801,4.353,3.94,3.874,3.841,3.902,4.030685014363005,3.9916414699895952
0.5,1.0,5576.0,-0.14,4.51,64.08,0.0,0.307,3.919,3.575,3.524,3.502,3.543,3.6892536985359077,3.6497397068045516
0.5,1.1,5904.0,0.07,4.44,72.64,0.0,0.574,3.507,3.22,3.178,3.162,3.186,3.3436407111596074,3.303760963590696
0.5,1.2,6182.0,0.26,4.37,82.5,0.0,0.77,3.127,2.881,2.845,2.833,2.842,3.0216704793438236,2.9816753235872353
0.5,1.3,6451.0,0.43,4.31,92.32,0.0,0.88,2.79,2.58,2.549,2.541,2.539,2.736573986530546,2.6966397755379212
0.5,1.4,6742.0,0.59,4.26,101.27,0.0,0.938,2.496,2.323,2.297,2.291,2.286,2.482282576555696,2.4425760465816184
0.6,0.04,1343.0,-4.52,5.02,7.13,0.0,1.0,14.158,13.149,12.728,11.34,12.218,11.035945151774907,11.485918242217599
0.6,0.05,1584.0,-4.25,5.13,6.99,0.0,0.94,14.096,12.887,11.924,10.634,11.202,10.620128627576253,10.76526476526875
0.6,0.06,1972.0,-3.88,5.22,6.93,0.0,0.0003,12.331,11.631,11.176,10.214,10.847,10.20468120641236,10.35146551617123
0.6,0.08,2492.0,-3.4,5.27,7.53,0.0,0.0,11.005,10.505,10.18,9.575,9.986,9.607527812709515,9.71518109367877
0.6,0.09,2676.0,-3.21,5.26,8.14,0.0,0.0,10.575,10.087,9.764,9.245,9.485,9.3176018504716,9.401384382263934
0.6,0.1,2818.0,-3.05,5.23,8.82,0.0,0.0,10.252,9.734,9.418,8.949,9.111,9.02538695680705,9.09236307536919
0.6,0.2,3260.0,-2.32,5.06,15.21,0.0,0.0,8.625,8.08,7.812,7.471,7.522,7.5848084805563465,7.618195461122568
0.6,0.3,3415.0,-1.99,4.98,20.35,0.0,0.0,7.857,7.297,7.043,6.743,6.785,6.860741009182351,6.88277802493078
0.6,0.4,3522.0,-1.73,4.9,25.86,0.0,0.0,7.238,6.662,6.421,6.153,6.2,6.287485911466519,6.3001160300502725
0.6,0.5,3681.0,-1.46,4.81,32.15,0.0,0.0,6.625,6.021,5.799,5.578,5.643,5.733813165848285,5.731141757057779
0.6,0.6,3969.0,-1.17,4.72,38.74,0.0,0.0,5.999,5.352,5.176,5.032,5.128,5.189795525681127,5.16741407888079
0.6,0.7,4386.0,-0.87,4.67,44.52,0.0,0.0,5.382,4.757,4.64,4.577,4.686,4.757568559079013,4.720937416312311
0.6,0.8,4821.0,-0.6,4.62,50.26,0.0,0.003,4.834,4.327,4.242,4.198,4.281,4.3737615801796235,4.335253028966732
0.6,0.9,5212.0,-0.36,4.57,56.9,0.0,0.0797,4.349,3.936,3.87,3.837,3.898,4.0304641898575015,3.9914191542051123
0.6,1.0,5580.0,-0.14,4.51,64.26,0.0,0.307,3.911,3.568,3.518,3.495,3.536,3.688422918889705,3.6489011668840794
0.6,1.1,5906.0,0.07,4.44,72.87,0.0,0.574,3.499,3.213,3.17,3.154,3.179,3.3432692553816845,3.3033870267812473
0.6,1.2,6182.0,0.26,4.36,82.9,0.0,0.77,3.117,2.87,2.835,2.823,2.832,2.9967678263453705,2.956779515417969
0.6,1.3,6446.0,0.44,4.3,93.1,0.0,0.88,2.773,2.563,2.532,2.523,2.522,2.712594136694873,2.672658577084363
0.6,1.4,6730.0,0.59,4.25,102.23,0.0,0.938,2.48,2.305,2.279,2.273,2.267,2.4594248372551415,2.41971231299426
0.7,0.04,1307.0,-4.58,5.03,7.05,0.0,1.0,14.194,13.254,12.977,11.491,12.349,11.10766891000255,11.647027363423863
0.7,0.05,1513.0,-4.34,5.14,6.89,0.0,0.935,14.102,12.949,12.109,10.922,11.589,10.854154035680601,11.035916271140195
0.7,0.06,1781.0,-4.07,5.24,6.8,0.0,0.0001,13.143,12.214,11.487,10.399,11.025,10.42017603152674,10.55733664152655
0.7,0.08,2456.0,-3.44,5.29,7.37,0.0,0.0,11.102,10.602,10.282,9.655,10.112,9.685973163464833,9.798047115547584
0.7,0.09,2663.0,-3.23,5.27,8.04,0.0,0.0,10.621,10.13,9.807,9.282,9.534,9.352080245486293,9.437400478354585
0.7,0.1,2814.0,-3.06,5.24,8.77,0.0,0.0,10.269,9.751,9.434,8.964,9.127,9.05296217016722,9.120185008616946
0.7,0.2,3260.0,-2.32,5.06,15.21,0.0,0.0,8.625,8.08,7.812,7.471,7.522,7.5848084805563465,7.618195461122568
0.7,0.3,3415.0,-1.99,4.98,20.36,0.0,0.0,7.856,7.296,7.043,6.742,6.785,6.860741009182351,6.88277802493078
0.7,0.4,3521.0,-1.72,4.9,25.95,0.0,0.0,7.231,6.655,6.414,6.145,6.193,6.288066442130135,6.300787813836162
0.7,0.5,3680.0,-1.46,4.81,32.18,0.0,0.0,6.624,6.019,5.798,5.576,5.641,5.734317069599598,5.731733890651923
0.7,0.6,3968.0,-1.17,4.72,38.78,0.0,0.0,5.997,5.35,5.174,5.031,5.126,5.190202843012962,5.167878933866531
0.7,0.7,4385.0,-0.87,4.67,44.57,0.0,0.0,5.38,4.755,4.638,4.575,4.684,4.757845751797736,4.721226603032714
0.7,0.8,4822.0,-0.6,4.62,50.31,0.0,0.0028,4.831,4.325,4.239,4.195,4.279,4.373513879117981,4.335003784822925
0.7,0.9,5214.0,-0.36,4.57,56.98,0.0,0.0793,4.345,3.932,3.867,3.834,3.895,4.030022675539264,3.99097465915397
0.7,1.0,5583.0,-0.13,4.51,64.39,0.0,0.306,3.905,3.563,3.512,3.49,3.531,3.687800251062704,3.648272686673856
0.7,1.1,5908.0,0.08,4.44,73.11,0.0,0.574,3.492,3.205,3.163,3.147,3.171,3.3428979266440177,3.3030132187144856
0.7,1.2,6183.0,0.27,4.36,83.28,0.0,0.77,3.106,2.86,2.824,2.813,2.822,2.996583650917082,2.9565952174960874
0.7,1.3,6444.0,0.44,4.29,93.73,0.0,0.88,2.759,2.549,2.518,2.509,2.508,2.6880720901263166,2.6481387110701675
0.7,1.4,6721.0,0.6,4.24,103.21,0.0,0.938,2.462,2.286,2.26,2.254,2.248,2.4360631312432766,2.3963462454736826
0.8,0.05,1443.0,-4.44,5.16,6.81,0.0,0.929,14.128,13.054,12.4,11.163,11.917,11.020452982891296,11.298597308411157
0.8,0.06,1716.0,-4.15,5.25,6.71,0.0,0.0,13.552,12.49,11.639,10.495,11.121,10.4895362942932,10.626166523658478
0.8,0.08,2436.0,-3.47,5.3,7.28,0.0,0.0,11.155,10.655,10.338,9.698,10.181,9.727091517659582,9.841750180948669
0.8,0.09,2656.0,-3.24,5.27,7.98,0.0,0.0,10.646,10.154,9.831,9.303,9.561,9.357271799122552,9.443444059737882
0.8,0.1,2812.0,-3.06,5.24,8.75,0.0,0.0,10.277,9.759,9.442,8.971,9.135,9.054225638922475,9.121544890597296
0.8,0.2,3260.0,-2.32,5.06,15.21,0.0,0.0,8.625,8.08,7.811,7.471,7.522,7.5848084805563465,7.618195461122568
0.8,0.3,3415.0,-1.99,4.98,20.36,0.0,0.0,7.855,7.295,7.042,6.741,6.784,6.860741009182351,6.88277802493078
0.8,0.4,3521.0,-1.72,4.89,26.01,0.0,0.0,7.227,6.652,6.41,6.141,6.189,6.262791623173811,6.275477449265166
0.8,0.5,3680.0,-1.46,4.81,32.21,0.0,0.0,6.622,6.018,5.796,5.575,5.64,5.734317069599598,5.731733890651923
0.8,0.6,3968.0,-1.17,4.72,38.81,0.0,0.0,5.996,5.349,5.172,5.029,5.124,5.190202843012962,5.167878933866531
0.8,0.7,4386.0,-0.87,4.67,44.61,0.0,0.0,5.378,4.753,4.636,4.573,4.682,4.757568559079013,4.720937416312311
0.8,0.8,4823.0,-0.6,4.62,50.36,0.0,0.0025,4.828,4.322,4.237,4.193,4.276,4.373266234554245,4.334754597883056
0.8,0.9,5216.0,-0.36,4.56,57.06,0.0,0.0788,4.341,3.929,3.863,3.83,3.891,4.004668502519613,3.9656217569292
0.8,1.0,5586.0,-0.13,4.5,64.52,0.0,0.306,3.899,3.558,3.507,3.485,3.526,3.6622875031023887,3.622760648156662
0.8,1.1,5910.0,0.08,4.43,73.34,0.0,0.574,3.484,3.198,3.156,3.14,3.164,3.317601904284231,3.2777225290405534
0.8,1.2,6184.0,0.27,4.36,83.67,0.0,0.77,3.096,2.85,2.814,2.802,2.811,2.99639950672551,2.9564109508524856
0.8,1.3,6442.0,0.45,4.29,94.35,0.0,0.88,2.746,2.535,2.504,2.495,2.494,2.688434164040221,2.6484984309031487
0.8,1.4,6705.0,0.61,4.23,104.56,0.0,0.938,2.438,2.261,2.234,2.228,2.223,2.413891870716167,2.374166732128166
0.9,0.05,1401.0,-4.49,5.16,6.75,0.0,0.926,14.151,13.125,12.586,11.288,12.085,11.05880584151411,11.432025530995224
0.9,0.06,1635.0,-4.24,5.26,6.63,0.0,0.0,13.97,12.82,11.899,10.651,11.28,10.667596642264863,10.822994915832282
0.9,0.08,2414.0,-3.49,5.31,7.19,0.0,0.0,11.212,10.713,10.4,9.745,10.259,9.770006091867476,9.887663381467426
0.9,0.09,2650.0,-3.24,5.28,7.95,0.0,0.0,10.665,10.172,9.849,9.318,9.581,9.386642115437859,9.473529492622376
0.9,0.1,2811.0,-3.06,5.24,8.74,0.0,0.0,10.281,9.763,9.446,8.975,9.14,9.054857925089086,9.1222254708396
0.9,0.2,3261.0,-2.32,5.06,15.21,0.0,0.0,8.624,8.08,7.811,7.471,7.522,7.584209543544885,7.617531162179256
0.9,0.3,3415.0,-1.99,4.98,20.37,0.0,0.0,7.854,7.294,7.041,6.74,6.783,6.860741009182351,6.88277802493078
0.9,0.4,3520.0,-1.72,4.89,26.05,0.0,0.0,7.224,6.648,6.407,6.138,6.185,6.263372317364702,6.276149456780492
0.9,0.5,3680.0,-1.46,4.81,32.24,0.0,0.0,6.621,6.016,5.794,5.573,5.638,5.734317069599598,5.731733890651923
0.9,0.6,3968.0,-1.17,4.72,38.85,0.0,0.0,5.994,5.347,5.171,5.027,5.122,5.190202843012962,5.167878933866531
0.9,0.7,4386.0,-0.87,4.67,44.64,0.0,0.0,5.376,4.751,4.634,4.572,4.68,4.757568559079013,4.720937416312311
0.9,0.8,4824.0,-0.6,4.62,50.41,0.0,0.0024,4.826,4.32,4.235,4.191,4.274,4.373018646462646,4.334505468120872
0.9,0.9,5218.0,-0.35,4.56,57.14,0.0,0.0784,4.337,3.925,3.86,3.827,3.887,4.0042292471312715,3.9651792473525505
0.9,1.0,5589.0,-0.13,4.5,64.65,0.0,0.306,3.894,3.553,3.502,3.48,3.521,3.661665485907619,3.6221328276002343
0.9,1.1,5913.0,0.08,4.43,73.58,0.0,0.574,3.476,3.19,3.148,3.132,3.156,3.317045300926048,3.2771622081380505
0.9,1.2,6186.0,0.28,4.35,84.08,0.0,0.77,3.085,2.839,2.803,2.792,2.8,2.971128601718314,2.931146642475842
0.9,1.3,6440.0,0.45,4.28,94.98,0.0,0.88,2.732,2.521,2.49,2.481,2.48,2.6638922598105457,2.623962558253819
0.9,1.4,6695.0,0.61,4.22,105.62,0.0,0.938,2.42,2.242,2.214,2.208,2.203,2.3906350460031494,2.3509166329318982
1.0,0.05,1383.0,-4.52,5.17,6.7,0.0,0.923,14.175,13.184,12.708,11.364,12.148,11.117736436424506,11.506683269217685
1.0,0.06,1584.0,-4.3,5.26,6.58,0.0,0.0,14.161,12.98,12.048,10.81,11.351,10.801573875697365,10.937989098655292
1.0,0.09,2648.0,-3.25,5.28,7.93,0.0,0.0,10.674,10.18,9.857,9.326,9.59,9.388135992617544,9.475270569505685
1.0,0.1,2810.0,-3.06,5.24,8.73,0.0,0.0,10.284,9.766,9.449,8.978,9.142,9.055490579686591,9.122906477962765
1.0,0.2,3261.0,-2.32,5.06,15.21,0.0,0.0,8.624,8.08,7.811,7.471,7.522,7.584209543544885,7.617531162179256
1.0,0.3,3415.0,-1.99,4.98,20.39,0.0,0.0,7.853,7.293,7.039,6.739,6.781,6.860741009182351,6.88277802493078
1.0,0.4,3520.0,-1.72,4.89,26.08,0.0,0.0,7.222,6.646,6.404,6.136,6.183,6.263372317364702,6.276149456780492
1.0,0.5,3680.0,-1.46,4.8,32.26,0.0,0.0,6.619,6.014,5.793,5.571,5.637,5.709160524920163,5.706509713339384
1.0,0.6,3967.0,-1.16,4.72,38.88,0.0,0.0,5.992,5.345,5.169,5.025,5.121,5.190610313208518,5.168343987963915
1.0,0.7,4387.0,-0.87,4.67,44.69,0.0,0.0,5.373,4.748,4.632,4.569,4.678,4.757291437110619,4.720648306596516
1.0,0.8,4826.0,-0.6,4.62,50.45,0.0,0.0022,4.823,4.317,4.232,4.188,4.272,4.372539692726567,4.334027358006517
1.0,0.9,5220.0,-0.35,4.56,57.21,0.0,0.078,4.333,3.922,3.856,3.823,3.884,4.003790169380252,3.964736918054456
1.0,1.0,5592.0,-0.13,4.5,64.77,0.0,0.306,3.888,3.548,3.498,3.475,3.516,3.6610438248618564,3.621505369867549
1.0,1.1,5916.0,0.09,4.43,73.91,0.0,0.574,3.465,3.18,3.138,3.122,3.146,3.3164711314068067,3.2765839996819186
1.0,1.2,6187.0,0.28,4.35,84.48,0.0,0.77,3.074,2.828,2.793,2.781,2.79,2.970944534681772,2.9309624519403505
1.0,1.3,6438.0,0.46,4.28,95.62,0.0,0.88,2.718,2.506,2.475,2.467,2.466,2.6642444903134272,2.624314359434447
1.0,1.4,6684.0,0.62,4.21,106.71,0.0,0.938,2.401,2.222,2.194,2.188,2.182,2.3674648989449176,2.3277667175752708
2.0,0.06,1379.0,-4.59,5.31,6.26,0.0,0.0,14.236,13.332,12.956,11.548,12.232,11.265828605126533,11.695936104805016
2.0,0.07,1720.0,-4.19,5.36,6.36,0.0,0.0,13.586,12.577,11.776,10.658,11.28,10.654310024456862,10.784060700949246
2.0,0.072,1811.0,-4.09,5.37,6.4,0.0,0.0,13.023,12.23,11.615,10.549,11.208,10.583656775125839,10.718555551657126
2.0,0.09,2643.0,-3.25,5.28,7.9,0.0,0.0,10.689,10.194,9.872,9.338,9.606,9.391856413699376,9.47960945371642
2.0,0.1,2810.0,-3.06,5.24,8.72,0.0,0.0,10.286,9.767,9.45,8.979,9.144,9.055490579686591,9.122906477962765
2.0,0.2,3261.0,-2.32,5.06,15.22,0.0,0.0,8.623,8.078,7.81,7.469,7.52,7.584209543544885,7.617531162179256
2.0,0.3,3415.0,-1.98,4.97,20.53,0.0,0.0,7.837,7.276,7.023,6.723,6.765,6.835413238934235,6.857451879512969
2.0,0.4,3519.0,-1.71,4.89,26.25,0.0,0.0,7.209,6.632,6.391,6.122,6.169,6.263953322299765,6.276821880486967
2.0,0.5,3679.0,-1.45,4.8,32.44,0.0,0.0,6.608,6.002,5.781,5.559,5.624,5.70966458994839,5.707102047696524
2.0,0.6,3969.0,-1.16,4.72,39.08,0.0,0.0,5.98,5.332,5.156,5.013,5.109,5.189795525681127,5.16741407888079
2.0,0.7,4396.0,-0.86,4.66,44.93,0.0,0.0,5.355,4.732,4.617,4.555,4.663,4.729872429887493,4.693087460574599
2.0,0.8,4842.0,-0.59,4.61,50.87,0.0,0.001,4.795,4.294,4.21,4.166,4.249,4.343786909052083,4.305292952957942
2.0,0.9,5244.0,-0.33,4.55,57.99,0.0,0.0734,4.292,3.886,3.822,3.789,3.848,3.9736197921674177,3.9345322241590748
2.0,1.0,5627.0,-0.1,4.48,66.21,0.0,0.306,3.825,3.491,3.442,3.421,3.459,3.603870131064376,3.564340449594127
2.0,1.1,5945.0,0.13,4.4,76.66,0.0,0.574,3.375,3.095,3.053,3.037,3.06,3.2361280461513013,3.1962247820553085
2.0,1.2,6202.0,0.33,4.3,89.37,0.0,0.77,2.947,2.704,2.668,2.657,2.664,2.8436707417191043,2.8037222005424023
2.0,1.3,6403.0,0.52,4.2,103.89,0.0,0.88,2.55,2.335,2.303,2.294,2.294,2.471280701907044,2.4313950668106696
2.0,1.4,6464.0,0.68,4.09,122.86,0.0,0.938,2.166,1.961,1.929,1.92,1.917,2.10622108249152,2.0664190817075094
3.0,0.06,1313.0,-4.7,5.33,6.07,0.0,0.0,14.355,13.583,13.394,11.83,12.439,11.435779698355603,11.962885115585573
3.0,0.07,1650.0,-4.27,5.37,6.3,0.0,0.0,13.948,12.856,12.003,10.791,11.452,10.769970437593308,10.930509800023856
3.0,0.072,1793.0,-4.11,5.37,6.38,0.0,0.0,13.132,12.303,11.65,10.576,11.218,10.58989509809545,10.722330666059943
3.0,0.09,2644.0,-3.25,5.28,7.9,0.0,0.0,10.689,10.194,9.871,9.338,9.606,9.39112992748295,9.478761121650892
3.0,0.1,2810.0,-3.06,5.24,8.72,0.0,0.0,10.285,9.767,9.45,8.979,9.143,9.055490579686591,9.122906477962765
3.0,0.2,3261.0,-2.32,5.06,15.23,0.0,0.0,8.62,8.075,7.807,7.467,7.518,7.584209543544885,7.617531162179256
3.0,0.3,3416.0,-1.97,4.97,20.7,0.0,0.0,7.819,7.258,7.005,6.706,6.748,6.834861849784227,6.856814358382514
3.0,0.4,3520.0,-1.71,4.88,26.32,0.0,0.0,7.202,6.625,6.384,6.115,6.162,6.238097420984867,6.250838988829135
3.0,0.5,3679.0,-1.45,4.8,32.56,0.0,0.0,6.6,5.994,5.772,5.551,5.617,5.70966458994839,5.707102047696524
3.0,0.6,3974.0,-1.15,4.71,39.21,0.0,0.0,5.969,5.32,5.145,5.004,5.1,5.162668510759279,5.139938678702024
3.0,0.7,4407.0,-0.85,4.66,45.13,0.0,0.0,5.338,4.717,4.603,4.542,4.65,4.726834160159942,4.689975104063333
3.0,0.8,4859.0,-0.57,4.61,51.25,0.0,0.0005,4.769,4.272,4.19,4.146,4.227,4.339738302092446,4.301251394044115
3.0,0.9,5270.0,-0.31,4.54,58.79,0.0,0.0702,4.249,3.848,3.785,3.753,3.811,3.9430391695482796,3.9039144197965987
3.0,1.0,5661.0,-0.06,4.46,67.79,0.0,0.306,3.759,3.431,3.383,3.362,3.399,3.5469303515276973,3.507428971691999
3.0,1.1,5974.0,0.17,4.36,80.15,0.0,0.574,3.268,2.992,2.951,2.936,2.956,3.1309031770725095,3.09099198417279
3.0,1.2,6191.0,0.39,4.24,95.81,0.0,0.77,2.8,2.556,2.52,2.508,2.516,2.696278433595431,2.6563711321130135
3.0,1.3,6177.0,0.56,4.1,117.25,0.0,0.88,2.368,2.123,2.087,2.074,2.081,2.263320151067209,2.223511019224472
4.0,0.07,1631.0,-4.29,5.37,6.29,0.0,0.0,14.041,12.924,12.047,10.841,11.44,10.857132788932534,11.008048470444187
4.0,0.072,1790.0,-4.12,5.37,6.38,0.0,0.0,13.153,12.316,11.656,10.579,11.222,10.591532733384437,10.724122521054266
4.0,0.09,2644.0,-3.25,5.28,7.9,0.0,0.0,10.688,10.193,9.87,9.337,9.605,9.39112992748295,9.478761121650892
4.0,0.1,2811.0,-3.06,5.24,8.72,0.0,0.0,10.284,9.766,9.449,8.978,9.143,9.054857925089086,9.1222254708396
4.0,0.2,3262.0,-2.32,5.06,15.25,0.0,0.0,8.617,8.072,7.804,7.464,7.515,7.583610936749706,7.6168672694333805
4.0,0.3,3416.0,-1.97,4.96,20.84,0.0,0.0,7.804,7.243,6.99,6.69,6.733,6.80953434479596,6.83148850226965
4.0,0.4,3520.0,-1.71,4.88,26.4,0.0,0.0,7.195,6.618,6.377,6.108,6.156,6.238097420984867,6.250838988829135
4.0,0.5,3680.0,-1.45,4.79,32.65,0.0,0.0,6.593,5.986,5.765,5.544,5.61,5.6840040028085514,5.681285582304284
4.0,0.6,3979.0,-1.15,4.71,39.33,0.0,0.0,5.958,5.309,5.135,4.995,5.092,5.16063819072349,5.137622665211206
4.0,0.7,4418.0,-0.85,4.66,45.31,0.0,0.0,5.322,4.703,4.59,4.53,4.638,4.72380359868428,4.686903160956461
4.0,0.8,4878.0,-0.56,4.6,51.65,0.0,0.0003,4.742,4.25,4.168,4.125,4.205,4.310301886717827,4.271834361714509
4.0,0.9,5297.0,-0.29,4.53,59.62,0.0,0.0677,4.205,3.809,3.748,3.717,3.773,3.9122708826734525,3.873107752879287
4.0,1.0,5697.0,-0.03,4.44,69.72,0.0,0.306,3.683,3.361,3.314,3.294,3.329,3.489606254249809,3.4501283684938526
4.0,1.1,5996.0,0.23,4.31,84.48,0.0,0.574,3.146,2.874,2.832,2.818,2.837,3.0021364814854734,2.9622350839227662
4.0,1.2,6053.0,0.43,4.16,104.58,0.0,0.77,2.662,2.399,2.359,2.345,2.36,2.523066311176281,2.4832438735022824
5.0,0.07,1627.0,-4.3,5.37,6.28,0.0,0.0,14.062,12.939,12.057,10.852,11.438,10.868189632119996,11.014400113178318
5.0,0.072,1790.0,-4.12,5.37,6.38,0.0,0.0,13.159,12.319,11.658,10.58,11.223,10.591532733384437,10.724122521054266
5.0,0.09,2644.0,-3.25,5.28,7.9,0.0,0.0,10.687,10.193,9.87,9.337,9.604,9.39112992748295,9.478761121650892
5.0,0.1,2811.0,-3.06,5.24,8.72,0.0,0.0,10.284,9.766,9.449,8.978,9.142,9.054857925089086,9.1222254708396
5.0,0.2,3262.0,-2.32,5.06,15.27,0.0,0.0,8.613,8.068,7.8,7.46,7.511,7.583610936749706,7.6168672694333805
5.0,0.3,3416.0,-1.96,4.96,20.97,0.0,0.0,7.791,7.229,6.976,6.677,6.72,6.80953434479596,6.83148850226965
5.0,0.4,3521.0,-1.71,4.88,26.47,0.0,0.0,7.189,6.612,6.371,6.102,6.15,6.237516873761406,6.250167173388498
5.0,0.5,3682.0,-1.44,4.79,32.73,0.0,0.0,6.586,5.98,5.759,5.539,5.604,5.682996719417907,5.680102126366999
5.0,0.6,3984.0,-1.15,4.71,39.44,0.0,0.0,5.948,5.298,5.125,4.987,5.084,5.158611660288273,5.135311581557785
5.0,0.7,4430.0,-0.84,4.65,45.49,0.0,0.0,5.305,4.689,4.577,4.518,4.625,4.695578450414747,4.65859918852554
5.0,0.8,4896.0,-0.55,4.59,52.05,0.0,0.0002,4.714,4.227,4.146,4.104,4.183,4.281119329899154,4.2426706294347385
5.0,0.9,5325.0,-0.27,4.51,60.57,0.0,0.066,4.157,3.767,3.707,3.677,3.732,3.856407133319888,3.8172014042699507
5.0,1.0,5732.0,0.01,4.41,72.09,0.0,0.306,3.596,3.28,3.234,3.215,3.248,3.407600813153912,3.368092067571153
5.0,1.1,5971.0,0.27,4.26,89.89,0.0,0.574,3.021,2.745,2.704,2.688,2.709,2.8824020539738004,2.84257559137174
6.0,0.07,1626.0,-4.3,5.37,6.28,0.0,0.0,14.065,12.942,12.059,10.854,11.437,10.870971526674527,11.015993846769002
6.0,0.072,1789.0,-4.12,5.37,6.38,0.0,0.0,13.161,12.32,11.658,10.58,11.224,10.592079161179889,10.72472046381207
6.0,0.09,2645.0,-3.25,5.28,7.9,0.0,0.0,10.687,10.192,9.869,9.336,9.604,9.390380669427538,9.477887431003817
6.0,0.1,2811.0,-3.06,5.24,8.73,0.0,0.0,10.283,9.765,9.448,8.977,9.142,9.054857925089086,9.1222254708396
6.0,0.2,3263.0,-2.31,5.05,15.3,0.0,0.0,8.609,8.064,7.796,7.456,7.507,7.557931730997279,7.591204200736291
6.0,0.3,3416.0,-1.96,4.95,21.07,0.0,0.0,7.78,7.218,6.965,6.666,6.709,6.78420693856757,6.806162743924871
6.0,0.4,3521.0,-1.7,4.88,26.52,0.0,0.0,7.184,6.607,6.366,6.098,6.145,6.237516873761406,6.250167173388498
6.0,0.5,3683.0,-1.44,4.79,32.8,0.0,0.0,6.581,5.974,5.753,5.533,5.599,5.6824934279432515,5.679510881786136
6.0,0.6,3990.0,-1.14,4.71,39.54,0.0,0.0,5.938,5.287,5.115,4.979,5.077,5.156184806162996,5.132544759081234
6.0,0.7,4442.0,-0.83,4.65,45.66,0.0,0.0,5.288,4.675,4.565,4.506,4.613,4.692291765090561,4.655267997882996
6.0,0.8,4916.0,-0.53,4.59,52.47,0.0,0.0001,4.685,4.203,4.123,4.082,4.159,4.276315980483138,4.2377941326036614
6.0,0.9,5355.0,-0.24,4.5,61.58,0.0,0.0647,4.107,3.723,3.664,3.635,3.688,3.8250654233894665,3.7858085897465257
6.0,1.0,5764.0,0.05,4.37,75.02,0.0,0.306,3.496,3.186,3.14,3.122,3.153,3.3013261142410033,3.261787647018975
6.0,1.1,5847.0,0.3,4.19,96.57,0.0,0.574,2.914,2.619,2.575,2.557,2.584,2.7317111173221793,2.692051221630807
7.0,0.07,1626.0,-4.3,5.37,6.28,0.0,0.0,14.066,12.943,12.059,10.854,11.437,10.870971526674527,11.015993846769002
7.0,0.072,1789.0,-4.12,5.37,6.38,0.0,0.0,13.161,12.32,11.658,10.58,11.224,10.592079161179889,10.72472046381207
7.0,0.09,2645.0,-3.25,5.28,7.9,0.0,0.0,10.686,10.191,9.869,9.336,9.603,9.390380669427538,9.477887431003817
7.0,0.1,2811.0,-3.06,5.24,8.73,0.0,0.0,10.283,9.764,9.447,8.977,9.141,9.054857925089086,9.1222254708396
7.0,0.2,3263.0,-2.31,5.05,15.33,0.0,0.0,8.605,8.06,7.792,7.452,7.503,7.557931730997279,7.591204200736291
7.0,0.3,3416.0,-1.95,4.95,21.16,0.0,0.0,7.77,7.208,6.956,6.657,6.699,6.78420693856757,6.806162743924871
7.0,0.4,3522.0,-1.7,4.88,26.57,0.0,0.0,7.18,6.603,6.362,6.094,6.142,6.236936636792837,6.249495773386621
7.0,0.5,3685.0,-1.44,4.79,32.86,0.0,0.0,6.575,5.968,5.747,5.528,5.594,5.68148754435382,5.67832935764668
7.0,0.6,3995.0,-1.14,4.7,39.64,0.0,0.0,5.928,5.276,5.105,4.97,5.069,5.129074577065625,5.1050917329955166
7.0,0.7,4455.0,-0.82,4.65,45.85,0.0,0.0,5.271,4.661,4.552,4.494,4.6,4.688742381064727,4.651670704415723
7.0,0.8,4937.0,-0.52,4.58,52.91,0.0,0.0001,4.655,4.178,4.099,4.058,4.135,4.2463396983688,4.207731957032127
7.0,0.9,5387.0,-0.22,4.48,62.76,0.0,0.0639,4.051,3.673,3.615,3.587,3.638,3.7683674674547003,3.7290578046492096
7.0,1.0,5783.0,0.1,4.33,78.82,0.0,0.306,3.381,3.074,3.029,3.011,3.041,3.1977022287413877,3.158150329009355
8.0,0.07,1626.0,-4.3,5.37,6.28,0.0,0.0,14.066,12.943,12.06,10.854,11.437,10.870971526674527,11.015993846769002
8.0,0.072,1789.0,-4.12,5.37,6.38,0.0,0.0,13.16,12.32,11.658,10.58,11.224,10.592079161179889,10.72472046381207
8.0,0.09,2645.0,-3.25,5.28,7.9,0.0,0.0,10.685,10.191,9.868,9.335,9.602,9.390380669427538,9.477887431003817
8.0,0.1,2812.0,-3.06,5.24,8.73,0.0,0.0,10.282,9.764,9.447,8.977,9.141,9.054225638922475,9.121544890597296
8.0,0.2,3264.0,-2.31,5.05,15.36,0.0,0.0,8.6,8.055,7.787,7.447,7.498,7.557333828099495,7.590541118641433
8.0,0.3,3416.0,-1.95,4.95,21.24,0.0,0.0,7.762,7.2,6.948,6.649,6.692,6.78420693856757,6.806162743924871
8.0,0.4,3522.0,-1.7,4.87,26.6,0.0,0.0,7.176,6.599,6.358,6.09,6.138,6.211662103625275,6.224185777881212
8.0,0.5,3686.0,-1.44,4.79,32.93,0.0,0.0,6.57,5.962,5.742,5.523,5.589,5.680984951807362,5.6777390773884875
8.0,0.6,4001.0,-1.13,4.7,39.74,0.0,0.0,5.918,5.265,5.096,4.962,5.062,5.126672545388605,5.102360823182669
8.0,0.7,4467.0,-0.81,4.64,46.04,0.0,0.0,5.253,4.647,4.538,4.481,4.587,4.660546937571705,4.6233976771411776
8.0,0.8,4958.0,-0.5,4.57,53.38,0.0,0.0,4.624,4.153,4.075,4.035,4.11,4.216386120153917,4.177693274039947
8.0,0.9,5420.0,-0.19,4.46,64.08,0.0,0.0632,3.99,3.619,3.562,3.535,3.584,3.7115328640069256,3.6721936567582696
8.0,1.0,5772.0,0.15,4.28,83.22,0.0,0.306,3.268,2.96,2.914,2.895,2.926,3.075180624352813,3.035654782419746
9.0,0.07,1626.0,-4.3,5.37,6.28,0.0,0.0,14.066,12.943,12.059,10.854,11.437,10.870971526674527,11.015993846769002
9.0,0.072,1790.0,-4.12,5.37,6.38,0.0,0.0,13.16,12.32,11.658,10.58,11.224,10.591532733384437,10.724122521054266
9.0,0.09,2646.0,-3.25,5.28,7.9,0.0,0.0,10.685,10.19,9.867,9.335,9.601,9.389631928072694,9.477014442849319
9.0,0.1,2812.0,-3.06,5.24,8.73,0.0,0.0,10.282,9.763,9.446,8.976,9.14,9.054225638922475,9.121544890597296
9.0,0.2,3264.0,-2.31,5.05,15.39,0.0,0.0,8.595,8.05,7.782,7.443,7.493,7.557333828099495,7.590541118641433
9.0,0.3,3416.0,-1.95,4.94,21.3,0.0,0.0,7.755,7.193,6.94,6.642,6.685,6.758879631039512,6.780837083289525
9.0,0.4,3523.0,-1.7,4.87,26.64,0.0,0.0,7.173,6.595,6.354,6.087,6.135,6.2110823231595855,6.223514984295358
9.0,0.5,3688.0,-1.43,4.78,32.99,0.0,0.0,6.564,5.956,5.736,5.518,5.584,5.6548245434274005,5.651336367172947
9.0,0.6,4007.0,-1.13,4.7,39.83,0.0,0.0,5.908,5.255,5.087,4.955,5.055,5.124349224412129,5.09974978557247
9.0,0.7,4480.0,-0.8,4.64,46.23,0.0,0.0,5.236,4.632,4.525,4.469,4.574,4.657037232616961,4.619742711207356
9.0,0.8,4980.0,-0.49,4.56,53.89,0.0,0.0,4.591,4.125,4.048,4.008,4.083,4.186217490821116,4.147435783766075
9.0,0.9,5456.0,-0.16,4.44,65.69,0.0,0.0628,3.92,3.555,3.5,3.474,3.521,3.6541300834223995,3.6147858157012545
10.0,0.07,1626.0,-4.3,5.37,6.28,0.0,0.0,14.066,12.942,12.059,10.854,11.437,10.870971526674527,11.015993846769002
10.0,0.072,1790.0,-4.12,5.37,6.38,0.0,0.0,13.159,12.319,11.658,10.58,11.223,10.591532733384437,10.724122521054266
10.0,0.09,2646.0,-3.25,5.28,7.9,0.0,0.0,10.684,10.189,9.867,9.334,9.601,9.389631928072694,9.477014442849319
10.0,0.1,2812.0,-3.06,5.24,8.73,0.0,0.0,10.281,9.763,9.446,8.976,9.14,9.054225638922475,9.121544890597296
10.0,0.2,3265.0,-2.31,5.05,15.42,0.0,0.0,8.59,8.045,7.777,7.438,7.488,7.556736254279003,7.589878441257701
10.0,0.3,3416.0,-1.95,4.94,21.36,0.0,0.0,7.749,7.187,6.934,6.636,6.679,6.758879631039512,6.780837083289525
10.0,0.4,3524.0,-1.7,4.87,26.67,0.0,0.0,7.17,6.592,6.351,6.084,6.132,6.210502852130011,6.22284460488582
10.0,0.5,3689.0,-1.43,4.78,33.05,0.0,0.0,6.559,5.951,5.731,5.513,5.58,5.6543227199251325,5.650747169152782
10.0,0.6,4013.0,-1.12,4.7,39.92,0.0,0.0,5.898,5.244,5.077,4.947,5.047,5.122030864398067,5.0971450120665995
10.0,0.7,4493.0,-0.79,4.63,46.43,0.0,0.0,5.218,4.617,4.511,4.456,4.56,4.62861565970145,4.5911067460659325
10.0,0.8,5002.0,-0.47,4.55,54.44,0.0,0.0,4.557,4.096,4.02,3.981,4.054,4.156067864106422,4.11723829404921
10.0,0.9,5495.0,-0.12,4.42,67.6,0.0,0.0626,3.84,3.483,3.428,3.404,3.448,3.596157379888,3.556807563904898
